耀,羽
I,艹
涉,氵
谈,讠
伊,亻
A,页
亟,二
洞,氵
咣,口
猢,犭
z,女
V,石
悫,心
缪,纟
河,氵
临,丨
犷,犭
,阝
吸,口
`,石
娼,女
线,纟
s,日
,讠
反,又
牌,片
雏,隹
姑,女
硐,石
鳓,鱼
,纟
h,辶
卢,卜
知,矢
除,阝
,纟
彪,彡
v,角
q,山
闹,门
,女
a,鱼
廿,廾
覆,
辊,车
,刂
b,门
V,鱼
应,广
蠛,虫
u,木
踟,足
儡,亻
皤,白
崩,山
芬,艹
冶,冫
钸,钅
骼,骨
赉,贝
,钅
,饣
B,月
湟,氵
跞,足
,王
S,钅
囤,囗
峨,山
括,扌
A,虫
棰,木
豳,豕
,干
滴,氵
须,页
孽,子
鹿,鹿
沉,氵
,贝
上,一
犍,
后,口
碑,石
餐,z
怖,忄
蒙,艹
邡,阝
砦,石
鲩,鱼
,忄
枯,木
h,艹
伴,亻
玷,王
逶,辶
离,忄
羿,羽
B,鱼
浈,氵
,采
壑,土
v,礻
p,鸟
罔,网
,艹
,木
V,讠
盥,皿
裱,衤
号,口
灶,火
铹,钅
姻,女
忿,心
节,艹
P,足
厌,厂
钎,钅
q,女
,纟
骒,马
茗,艹
z,车
倡,亻
熠,火
锣,钅
p,目
[,门
,亻
l,王
稽,禾
拂,扌
豉,豆
克,十
G,钅
坏,土
鹕,鸟
胖,月
p,贝
几,几
埤,土
a,竹
巨,工
[,月
黪,黑
z,犭
赳,走
篼,竹
齿,齿
舀,臼
萄,艹
澉,氵
V,马
挖,扌
嚣,口
y,门
符,竹
披,扌
蜮,虫
,衤
炷,火
R,穴
锺,钅
鼾,鼻
所,户
s,虫
摄,扌
a,
,冫
灌,氵
h,禾
柙,木
佞,亻
兢,儿
t,刂
学,子
翩,羽
鹨,鸟
臭,自
诱,讠
仳,亻
践,足
,女
,田
罾,
昃,日
膂,月
标,木
予,|
越,走
,亻
琏,王
馒,饣
岔,山
耗,耒
,日
,讠
谟,讠
匡,匚
弩,弓
纨,纟
U,疒
l,讠
洵,氵
F,贝
厶,厶
`,隶
i,礻
`,风
懂,忄
,殳
D,车
w,十
配,酉
魑,鬼
秒,禾
R,B
菖,艹
橛,木
江,氵
连,辶
癣,疒
廨,广
A,舟
,艹
惬,忄
w,辶
相,目
驻,马
好,女
鱿,鱼
撅,扌
A,艹
溉,氵
嘎,口
窑,穴
G,髟
粕,米
或,戈
垣,土
钥,钅
,麦
簪,竹
斯,斤
澳,氵
蠲,虫
K,钅
夼,大
d,纟
鸾,鸟
觇,见
仉,亻
煌,火
筐,竹
曙,日
b,衤
乞,乙
狡,犭
,亻
镤,钅
D,女
绩,纟
胭,月
普,日
M,讠
俳,亻
雹,雨
寻,寸
,饣
`,纟
,人
,木
E,讠
侈,亻
Y,犬
貊,豸
册,丿
甏,瓦
A,阝
缓,纟
,山
枘,木
v,讠
榜,木
负,贝
,口
疤,疒
],口
樱,木
记,讠
趴,足
庾,广
{,艹
蹉,足
b,一
泊,氵
遍,辶
,门
盎,皿
当,彐
a,攵
叠,又
督,目
郢,阝
嗤,口
祧,礻
髦,髟
荫,艹
轳,车
酷,酉
矸,石
舄,臼
榉,木
瞍,目
阌,门
,扌
t,鱼
箕,竹
t,扌
挚,手
傣,亻
眢,目
座,广
笪,竹
梳,木
,鼓
锶,钅
,目
帼,巾
窿,穴
s,饣
,扌
胃,月
案,木
铋,钅
癌,疒
e,钅
飓,风
聘,耳
p,钅
m,土
珥,王
^,钅
秩,禾
孪,子
],虍
潲,氵
诵,讠
,彐
S,钅
峻,山
H,犭
怃,忄
螂,虫
,又
,口
岐,山
谛,讠
溜,氵
A,讠
[,王
B,辶
],鸟
天,大
札,木
蚬,虫
洱,氵
E,欠
邸,阝
妾,女
n,艹
乇,丿
淆,氵
呋,口
燎,火
N,鸟
,乙
晗,日
汛,氵
C,木
觞,角
,氵
勤,力
,鸟
葫,艹
N,鱼
,日
良,艮
泰,水
陷,阝
兹,R
综,纟
驿,马
,艹
茄,艹
粑,米
窕,穴
戚,戈
钡,钅
瘢,疒
,钅
,彳
簦,竹
斫,斤
g,耒
`,纟
,钅
弼,弓
o,髟
臃,月
,攵
过,辶
,门
Y,纟
答,竹
N,月
噢,口
,钅
屦,尸
饨,饣
婪,女
蛭,虫
,扌
瑶,王
牺,
w,黾
寿,寸
蚂,虫
誊,言
垌,土
礓,石
麒,鹿
蜗,虫
M,贝
丝,一
澜,氵
吡,口
疠,疒
鄣,阝
昭,日
螬,虫
亲,亠
樵,木
讴,讠
瀹,氵
,心
,土
,亻
降,阝
协,十
U,~
绒,纟
,马
蓖,艹
,氵
俜,亻
e,欠
x,忄
古,口
姨,女
,艹
柬,木
药,艹
幽,幺
翼,羽
C,~
极,木
耄,S
殉,歹
,讠
h,羊
M,B
B,礻
q,艹
些,二
愚,心
劣,力
缦,纟
,日
Z,石
悯,忄
丰,丨
,木
贲,贝
券,刀
,阝
尼,尸
n,鬼
Y,贝
,木
嗍,口
郏,阝
忑,心
髓,骨
O,扌
艘,舟
淝,氵
燥,火
彦,彡
Y,竹
Z,大
,艹
据,扌
y,角
j,钅
煺,火
签,竹
氇,毛
辆,车
,疒
和,口
g,氵
庐,广
折,扌
,虫
},钅
,灬
,艹
窨,穴
d,艹
漱,氵
猹,犭
鲼,鱼
宾,宀
槊,木
镍,钅
偏,亻
,王
齑,齐
,女
w,纟
饕,z
湛,氵
F,月
诞,讠
因,囗
虫,虫
,耳
,讠
,钅
r,忄
狸,犭
顿,页
,日
蜀,虫
f,木
锌,钅
刎,刂
鼐,鼎
J,z
芙,艹
供,亻
,贝
,木
厣,厂
琢,王
F,山
枫,木
,忄
估,亻
殳,殳
谲,讠
阶,阝
,马
杀,木
f,韦
响,口
界,田
量,里
廑,广
罐,缶
壕,土
拙,扌
,氵
赜,贝
靠,非
呢,口
酤,酉
,~
扮,扌
汲,氵
p,衣
嗷,口
,
忻,忄
姿,女
蒂,艹
洇,氵
看,目
銎,金
徐,彳
鲒,鱼
蔗,艹
掘,扌
v,车
瞠,目
倥,亻
娩,女
箨,竹
搭,扌
辰,辰
,口
爹,父
,钅
傺,亻
,竹
Y,鸟
媾,女
擂,扌
狎,犭
鹑,鸟
孓,子
L,米
,贝
,氵
胚,月
,讠
埠,土
铢,钅
凤,几
g,黑
寨,宀
,饣
旬,日
],月
乱,乙
H,氵
L,长
,戈
A,纟
饿,饣
箍,竹
崎,山
逐,辶
阔,门
w,走
a,氵
s,艹
岣,山
焦,灬
},门
v,木
溯,氵
贮,贝
,扌
,艹
尸,尸
F,鼠
o,力
皿,皿
锾,钅
桀,木
U,贝
俅,亻
湄,氵
苇,艹
摈,扌
|,宀
d,禾
黏,黍
凑,冫
埕,土
癔,疒
淙,氵
佚,亻
孢,子
翥,羽
鹤,鸟
坪,土
语,讠
浮,氵
僻,亻
n,钅
囿,囗
e,耒
a,氵
弥,弓
纤,纟
,钅
璨,王
h,讠
朵,木
蚴,虫
B,纟
鲸,鱼
S,钅
喾,口
襁,衤
毂,殳
@,车
,忄
蕉,艹
L,艹
,木
魍,鬼
C,酉
呓,口
觖,角
晟,日
,土
F,鱼
牧,
哨,口
衫,衤
韪,韦
,木
蹯,足
惰,忄
葳,艹
更,曰
驷,马
糸,糸
狼,犭
,犭
梁,木
溅,氵
窍,穴
,寸
划,刂
z,白
栖,木
渚,氵
芝,艹
搞,扌
颡,页
钩,钅
榫,木
瘪,疒
谮,讠
鸺,鸟
瞿,目
鐾,金
跃,足
仅,亻
,氵
菇,艹
效,攵
筌,竹
S,亻
赘,贝
荜,艹
婢,女
绥,纟
镨,钅
噪,口
I,讠
俯,亻
胱,月
,石
击,凵
瑾,王
侄,亻
指,扌
肆,聿
蚊,虫
完,宀
缏,纟
鲎,鱼
,冂
r,讠
,月
堡,土
,鸟
,巾
群,羊
吩,口
S,勹
昵,日
爽,爻
,木
,足
惆,忄
~,口
奋,大
,马
遑,辶
,口
狒,犭
陕,阝
束,木
l,i
忤,忄
,犭
郦,阝
嗨,口
雪,雨
软,车
柴,木
,鱼
屹,山
剽,刂
殁,歹
言,言
涅,氵
谄,讠
枉,木
,礻
,页
玑,王
j,钅
儒,亻
H,疒
,钅
,木
辙,车
洚,氵
膝,月
e,~
B,鸟
傧,亻
I,革
檫,木
f,用
脲,月
常,巾
值,亻
v,王
霾,雨
髋,骨
,女
硌,石
鳏,鱼
发,又
,扌
篡,竹
奢,大
,衤
h,~
卦,卜
矩,矢
陨,阝
啪,口
潮,氵
菱,艹
,i
哿,口
睾,目
c,氵
莆,艹
程,禾
E,艹
簏,竹
劐,刂
醒,酉
咔,口
伙,亻
溘,氵
舛,夕
,女
窠,穴
鸣,鸟
粤,米
圩,土
椭,木
侮,亻
,手
芰,艹
蒴,艹
家,宀
麸,麦
X,山
,口
乃,丿
赅,贝
揆,扌
蝉,虫
,月
屏,尸
翎,羽
,火
F,钅
诖,讠
付,亻
扛,扌
跚,足
,扌
嫠,女
,马
峤,山
,讠
闪,门
,木
l,豕
U,扌
顷,页
役,彳
绸,纟
t,钅
兽,R
,凵
\,讠
沅,氵
,贝
,日
蜈,虫
碍,石
D,饣
F,钅
倒,亻
锔,钅
氚,气
肝,月
骡,马
鲥,鱼
,歹
琪,王
涯,氵
踮,足
枳,木
|,马
玻,王
,~
,亻
杈,木
獐,犭
n,韦
哕,口
畔,田
,氵
惝,忄
v,面
,口
湮,氵
英,艹
究,穴
黹,黹
叻,口
都,阝
百,白
笋,竹
喔,口
丙,一
,氵
茛,艹
,忄
蔟,艹
,木
尥,尢
,阝
W,口
J,见
亮,亠
莰,艹
f,艹
~,纟
,宀
b,讠
佃,亻
棂,木
拆,扌
,艹
~,页
绎,纟
楗,木
,讠
俘,亻
l,贝
蛞,虫
|,z
照,灬
|,钅
d,讠
铪,钅
饷,饣
,
,亻
a,火
长,长
谀,讠
疑,疋
,钅
@,囗
n,钅
缢,纟
d,艹
沫,氵
猪,犭
纷,纟
汀,氵
橄,木
蛇,虫
鳋,鱼
忍,心
t,骨
嗑,口
郓,阝
柝,木
,虍
,纟
d,月
形,彡
篥,竹
J,马
啦,口
遨,辶
迭,辶
楮,木
杲,木
D,艹
廷,廴
~,纟
勿,勹
辂,车
N,日
B,艹
簋,竹
f,广
A,饣
咐,口
鞒,革
g,木
舟,舟
h,阝
漭,氵
躬,身
芴,艹
隼,隹
赁,贝
濂,氵
旆,方
屋,尸
镑,钅
,亻
跖,足
,扌
诚,讠
[,疒
f,亻
豫,豕
,氵
Q,扌
,耳
拴,扌
她,女
盼,目
x,钅
沁,氵
`,言
悉,心
n,糸
,w
锐,钅
侗,亻
氖,气
蚝,虫
鲡,鱼
妣,女
骥,马
垧,土
琦,王
涫,氵
爪,爪
,歹
J,虫
夸,大
逾,辶
W,虫
慈,心
,缶
哑,口
w,辶
,钅
,力
曝,日
l,虫
T,米
],鸟
幢,巾
童,立
呦,口
烩,火
剪,刀
G,木
空,穴
灾,火
y,纟
芊,艹
笏,竹
焓,火
榘,木
果,木
娥,女
F,雨
倩,亻
熨,火
渭,氵
薰,艹
莴,艹
砹,石
A,亻
豁,谷
滂,氵
嵋,山
拊,扌
G,火
a,金
盒,皿
O,钅
敛,攵
损,扌
胞,月
黢,黑
寤,宀
赫,赤
,钅
F,氵
g,讠
旰,日
援,扌
},齿
q,土
秸,禾
,氵
掉,扌
d,八
瞑,目
阐,门
途,辶
挞,扌
索,糸
馥,香
咧,口
眦,目
|,钅
梯,木
,鼻
o,饣
吼,口
錾,金
桄,木
u,艹
扈,户
巍,山
I,竹
r,风
,氵
毙,比
x,讠
葜,艹
翡,羽
坦,土
珩,王
仫,亻
敲,攴
祺,礻
闽,门
w,土
獾,犭
f,走
l,扌
P,纟
膊,月
岌,山
R,鱼
,小
f,门
谗,讠
纠,纟
夥,夕
,钅
,牛
,贝
朱,木
蚰,虫
肴,月
骸,骨
钼,钅
草,艹
懊,忄
N,土
痒,疒
汗,氵
觚,角
S,厂
壤,土
韦,韦
曰,曰
艳,色
惴,忄
{,鱼
,土
,口
避,辶
梅,木
抉,扌
茈,艹
皑,白
吒,口
炕,火
w,阝
渖,氵
V,艹
,戈
宣,宀
颥,页
喧,口
瘦,疒
A,钅
掳,扌
k,艹
鸶,鸟
,女
瞻,目
唼,口
,钅
仁,亻
诃,讠
,口
睐,目
W,亻
乖,丿
R,讠
绡,纟
f,齿
,口
狩,犭
,辶
,贝
蛱,虫
q,月
巷,巳
X,i
髹,髟
铽,钅
凿,凵
牾,
貂,豸
缋,纟
猓,犭
钒,钅
,歹
斜,斗
鬣,髟
利,刂
k,王
昱,日
怵,忄
庶,广
稹,禾
,土
,门
劾,力
蹁,足
衅,血
艉,舟
惊,忄
奏,大
卓,十
瓒,王
`,辶
Q,忄
苞,艹
忠,心
鳢,鱼
,田
叨,口
轫,车
淬,氵
r,衤
柰,木
d,竹
命,口
痼,疒
酿,酉
退,辶
瞅,目
阄,门
,纟
l,鱼
弊,廾
舌,舌
,虫
踔,足
焖,火
m,门
眚,目
a,鱼
废,广
,i
挢,扌
炫,火
漪,氵
i,刂
键,钅
堰,土
粳,米
鬲,鬲
脶,月
贾,贝
铃,钅
,忄
f,山
蛏,虫
桐,木
e,宀
湔,氵
兖,亠
d,疒
坚,土
篝,竹
查,木
R,氵
g,豕
,彳
,囗
,亠
,马
筲,竹
c,广
@,艹
诽,讠
仿,亻
傀,亻
球,王
V,钅
馆,饣
岈,山
龊,齿
昏,日
氓,氏
,讠
五,二
窜,穴
鸟,鸟
悠,心
h,氵
D,钅
,十
a,石
缵,纟
麴,
改,攵
蒸,艹
J,钅
x,讠
呃,口
珂,王
秆,禾
翊,羽
旎,方
毒,母
嫜,女
A,i
,扌
,艹
触,角
迪,辶
独,犭
维,纟
G,色
蹿,足
,灬
e,阝
霄,雨
堆,土
粉,米
茌,艹
褐,衤
o,车
m,氵
钙,钅
骝,马
,竹
股,月
戢,戈
,贝
,钅
X,纟
掷,扌
耶,耳
榻,木
y,艹
,门
,R
,鱼
,月
捌,扌
仕,亻
,氵
镘,钅
p,干
属,尸
,心
腠,月
蝤,虫
凫,几
,钅
埯,土
,z
巳,巳
恶,心
智,日
汾,氵
冀,八
垄,土
领,页
蒎,艹
O,讠
侔,亻
I,月
Q,饣
箜,竹
Y,艹
涨,氵
,刀
,钅
媲,女
z,纟
樽,木
讼,讠
遁,辶
啃,口
狂,犭
际,阝
M,鱼
绊,纟
擎,手
,足
獗,犭
K,阝
祛,礻
罟,
鳞,鱼
散,攵
歧,止
称,禾
,干
荷,艹
D,日
襻,衤
轿,车
N,犭
Z,钅
z,亻
而,而
,讠
涕,氵
谔,讠
猖,犭
媛,女
甚,甘
E,香
辩,辛
洪,氵
倬,亻
纳,纟
g,z
尴,尢
茶,艹
,木
蔺,艹
沿,氵
,车
叁,厶
,广
嗅,口
忉,忄
苋,艹
橐,木
汔,氵
卖,十
,阝
握,扌
日,日
,艹
d,厂
捶,扌
蟹,虫
瘃,疒
咄,口
戋,戈
搏,扌
逗,辶
碜,石
,~
抠,扌
撤,扌
C,虫
邬,阝
垮,土
笱,竹
骰,骨
妲,女
鲴,鱼
_,木
椽,木
袼,衤
v,钅
镅,钅
篆,竹
o,糸
乓,丿
赕,贝
鏖,金
N,穴
[,竹
桧,木
详,讠
仨,亻
跪,足
六,八
烬,火
孱,子
鹳,鸟
e,米
,耳
,^
棼,木
犁,牛
锄,钅
娆,女
尊,寸
悍,忄
檑,木
k,讠
冗,冖
隙,阝
宛,宀
琚,王
额,页
芡,艹
玫,王
氪,气
疯,疒
阮,阝
,女
崴,山
憷,忄
舶,舟
,士
涿,氵
,力
^,革
M,讠
廉,广
慌,忄
藏,艹
迓,辶
浔,氵
剖,刂
幞,巾
荠,艹
G,扌
蕤,艹
滩,氵
轨,车
叫,口
郭,阝
a,疒
扶,扌
蛹,虫
摺,扌
湾,氵
邂,辶
善,口
骆,马
很,彳
n,扌
漓,氵
袒,衤
g,目
,土
|,鸟
掠,扌
蜣,虫
斤,斤
u,酉
Q,禾
Q,鸟
栽,木
烂,火
奇,大
鹉,鸟
糊,米
聍,耳
体,亻
棒,木
豕,豕
,日
筛,竹
姜,女
c,灬
B,讠
俨,亻
|,贝
镯,钅
^,竹
,纟
b,月
,见
Q,女
^,钅
崆,山
,页
涑,氵
谐,讠
Z,缶
岛,山
礞,石
R,月
产,亠
G,目
嘬,口
犯,犭
碳,石
娴,女
治,氵
茺,艹
F,衤
,口
A,阝
,女
w,皿
晌,日
苏,艹
汐,氵
啖,口
C,火
遘,辶
博,十
鹜,鸟
,舟
,木
表,衣
韭,韭
煮,灬
壳,士
署,
Y,~
捺,扌
追,辶
咀,口
搋,扌
N,鱼
戏,戈
栓,木
阗,门
y,弓
|,纟
护,扌
梨,木
眭,目
,纟
鲰,鱼
d,骨
z,氵
镁,钅
偃,亻
~,饣
P,贝
濒,氵
J,门
恣,心
,氵
鑫,金
坭,土
D,页
孵,子
,亻
,讠
璁,王
销,钅
将,寸
碉,石
@,米
B,贝
o,讠
W,皿
邙,阝
麝,鹿
蒡,艹
芥,艹
侧,亻
氦,气
疫,疒
横,木
圬,土
环,王
逮,辶
禳,礻
鸲,鸟
嬴,女
枷,木
似,亻
殿,殳
W,虫
品,口
畀,田
,酉
,攵
z,犭
祈,礻
y,艹
杌,木
菏,艹
,氵
呖,口
烙,火
绝,纟
b,齿
塞,土
E,扌
拥,扌
荤,艹
嗫,口
可,口
,扌
喀,口
,阝
厄,厂
缇,纟
鲆,鱼
妈,女
骊,马
G,月
V,足
候,亻
熘,火
x,鸟
帝,巾
鬟,髟
,口
榨,木
瘭,疒
元,儿
盂,皿
,
`,穴
u,讠
铖,钅
d,纟
飞,飞
T,忄
x,贝
镫,钅
矬,矢
山,山
婵,女
,心
T,氵
阀,门
逄,辶
萌,艹
`,足
榕,木
,虫
焚,火
墟,土
笞,竹
k,水
让,讠
听,口
炯,火
d,钅
窳,穴
,土
撷,扌
溻,氵
,讠
癀,疒
Z,钅
,氵
鳇,鱼
蛋,虫
俑,亻
桔,木
珙,王
党,儿
,纟
,耳
囫,囗
闭,门
z,一
菹,艹
任,亻
跽,足
,口
V,门
簇,竹
龆,齿
馊,饣
怏,忄
莎,艹
,木
,钅
匙,匕
X,鸟
粜,米
P,页
舣,舟
,勹
谧,讠
,木
甭,用
钬,钅
缱,纟
挹,扌
芸,艹
洽,氵
N,贝
Y,雨
剃,刂
痂,疒
魉,鬼
揎,扌
D,冫
瑗,王
勘,力
扣,扌
迦,辶
啭,口
q,辶
影,彡
绰,纟
驳,马
磴,石
,艹
F,足
泼,氵
衿,衤
o,白
需,雨
炅,火
鄄,阝
帆,巾
鬈,髟
蔌,艹
,疒
瀚,氵
稞,禾
肥,月
u,氵
株,木
唬,口
,钅
,鱼
头,大
,斤
,木
訾,言
,口
着,目
,钅
H,亻
嫉,女
蟋,虫
敌,攵
,月
仑,人
诓,讠
楔,木
狙,犭
,钅
做,亻
R,米
Y,鸟
,女
,又
蝠,虫
,心
W,月
书,^
铭,钅
凯,几
牮,牛
n,黑
,宀
晶,日
苹,艹
恺,忄
,贝
猃,犭
,冂
v,纟
守,宀
朋,月
颊,页
意,心
芎,艹
,木
,豸
锗,钅
则,刂
尝,小
C,纟
,忄
货,贝
f,王
,门
v,纟
j,石
Z,马
,厂
莸,艹
氽,水
趼,足
千,十
嵇,山
细,纟
磊,石
,艹
拎,扌
蹑,足
m,虫
变,又
N,阝
祟,示
捣,扌
酯,酉
翰,羽
m,小
,艹
揸,扌
轻,车
淼,水
西,西
禁,示
_,
儆,亻
圊,囗
殍,歹
,讠
{,几
耐,而
枕,木
缚,纟
,见
欢,欠
愦,忄
_,艹
未,木
,女
纯,纟
h,王
嘴,口
褶,衤
悻,忄
础,石
鳃,鱼
必,心
^,钅
嗉,口
恐,心
蓓,艹
晔,日
奖,大
~,纟
\,鱼
,王
,口
,足
早,日
士,士
絮,糸
哳,口
@,艹
韵,音
跹,足
潺,氵
菽,艹
墀,土
庄,广
\,皿
栋,木
搓,扌
莒,艹
,人
粘,米
逛,辶
匝,匚
队,阝
谣,讠
伥,亻
M,阝
焱,火
邰,阝
,厂
眵,目
],阝
洹,氵
J,贝
挽,扌
t,刂
镉,钅
乏,丿
腑,月
插,扌
g,虫
穗,禾
T,疒
R,门
询,讠
令,人
执,扌
,页
蟪,虫
共,八
直,目
泸,氵
拼,扌
虿,虫
,石
z,亻
I,王
锈,钅
g,欠
脐,月
宗,宀
砖,石
军,冖
_,纟
f,足
怦,忄
c,日
羯,羊
疳,疒
殷,殳
Q,虫
踺,足
壁,土
祀,礻
罄,缶
,方
哉,口
畈,田
觋,见
歌,欠
藓,艹
糙,米
A,犭
d,衤
滥,氵
_,车
蕨,艹
髭,髟
j,竹
Z,阝
嗳,口
牲,
桶,木
,艹
r,i
骂,马
径,彳
喈,口
椋,木
,阝
漏,氵
芒,艹
初,刀
i,木
责,贝
严,一
,氵
茧,艹
M,禾
劲,力
瘵,疒
鞴,革
趸,足
人,人
戽,户
莼,艹
鹅,鸟
升,十
益,皿
住,亻
拒,扌
,夂
铞,钅
浣,氵
,讠
d,亻
捧,扌
饫,饣
I,女
,亻
镳,钅
G,石
o,扌
腻,月
匆,勹
阈,门
榍,木
伎,亻
舐,舌
,文
龙,龙
力,力
,纟
计,讠
到,刂
,阝
吴,口
丸,丿
抻,扌
贺,贝
,木
蜾,虫
Y,禾
S,黄
巅,山
郇,阝
,讠
桌,木
摔,扌
鹘,鸟
,山
d,辶
坞,土
毡,毛
,口
柩,木
嫫,女
,马
o,山
置,
煲,火
闵,门
迹,辶
松,木
氏,氏
辎,车
易,日
H,页
y,纟
炜,火
檠,木
踣,足
沤,氵
耧,耒
暨,日
微,彳
猱,犭
冲,冫
电,田
钴,钅
肼,月
魁,鬼
,巾
假,亻
a,厶
痊,疒
S,木
荑,艹
懒,忄
~,艹
硗,石
,鱼
牛,牛
w,鸟
瑟,王
y,韦
,氵
恧,心
Q,马
,艹
],大
磬,石
危,厄
狰,犭
,阝
V V,冖
啵,口
瓴,瓦
衷,衣
G,氵
I,艹
,忄
突,穴
,刂
堂,土
分,刀
霈,雨
吊,口
与,一
抑,扌
,艹
撕,扌
N,卜
妗,女
,禾
邝,阝
喟,口
],讠
侣,亻
,木
蚩,虫
箫,竹
搪,扌
瞳,目
M,辶
榷,木
X,讠
伸,亻
嫁,女
M,纟
采,采
诋,讠
跏,足
捐,扌
蟓,虫
给,纟
泥,氵
赤,赤
曩,日
,饣
巯,工
P,纟
,钅
铵,钅
能,月
晾,日
缃,纟
颂,页
,山
钊,钅
帙,巾
Q,钅
锟,钅
,歹
涤,氵
枨,木
砭,石
爱,
,钅
傲,亻
琵,王
,门
,马
I,鱼
陉,阝
,王
衍,行
,艹
,舟
祗,礻
y,骨
忘,心
u,鸟
裢,衤
慧,心
苦,艹
l,鸟
靳,革
呵,口
痴,疒
荻,艹
,忄
,艹
,纟
异,廾
箅,竹
唆,口
,辶
澍,氵
踌,足
斑,文
S,艹
舔,舌
店,广
香,香
咛,口
,纟
功,力
讥,讠
,月
挪,扌
,衤
G,穴
餮,z
炳,火
露,雨
m,刂
溷,氵
贶,贝
,扌
抿,扌
脾,月
籀,竹
g,风
寅,宀
雇,隹
凉,冫
,z
,讠
,扌
扔,扌
,山
孚,子
淡,氵
闱,门
僳,亻
f,钅
价,亻
j,欠
Z,门
傈,亻
^,钅
二,二
夙,夕
碘,石
,虫
蘧,艹
您,心
缭,纟
妮,女
由,田
钰,钅
垲,土
椹,木
朽,木
魅,鬼
l,口
酉,酉
珊,王
H,车
槎,木
柒,木
,土
瑛,王
牟,牛
档,木
迢,辶
,艹
菪,艹
彭,彡
驯,马
卵,卩
狴,犭
B,足
曼,曰
艿,艹
市,巾
吆,口
炉,火
刊,刂
撑,扌
投,扌
茔,艹
得,彳
簖,竹
稚,禾
原,厂
,贝
t,氵
a,讠
搦,扌
肩,月
Q,纟
截,戈
,竹
唰,口
熳,火
防,阝
谶,讠
,木
\,讠
峁,山
I,纟
L,人
跋,足
仍,亻
诏,讠
磙,石
婚,女
泡,氵
赠,贝
惩,心
Y,月
巫,工
确,石
铱,钅
凳,几
d,疒
汶,氵
裹,衣
麂,鹿
宄,宀
眇,目
钆,钅
冈,冂
洋,氵
,木
,忄
鼗,鼓
堙,土
锛,钅
U,钅
涠,氵
,歹
憨,心
r,纟
,土
爵,
根,木
绂,纟
,马
均,土
},王
Z,亻
葑,艹
罗,
鳖,鱼
姘,女
畛,田
楣,木
x,木
蓦,艹
,鱼
呱,口
痰,疒
,刂
轷,车
蕻,艹
羁,
崂,山
禅,礻
圆,囗
玉,玉
b,钅
谌,讠
T,艹
耔,耒
岗,山
编,纟
猞,犭
朦,月
莩,艹
纫,纟
尬,尢
b,门
\,口
锲,钅
,亻
k,骨
,女
叉,又
版,片
,车
Y,里
苓,艹
彖,
篙,竹
,马
奚,大
卞,卜
濡,氵
,足
揩,扌
艨,舟
,士
筮,竹
畲,田
O,钅
诹,讠
庀,广
稃,禾
L,王
劈,刀
栏,木
,隹
窘,穴
璜,王
速,辶
,亻
E,讠
萧,艹
抨,扌
m,宀
隰,阝
,口
邴,阝
欹,欠
,攵
n,艹
J,鼻
z,饣
~,
之,丿
赍,贝
旒,方
腕,月
嫘,女
哜,口
摧,扌
n,虫
鹫,鸟
自,自
@,日
兵,八
N,火
,木
虻,虫
],扌
聿,聿
@,口
,钅
Z,冫
暑,日
,虫
脔,肉
,山
垛,土
砚,石
钝,钅
b,足
氢,气
芩,艹
怪,忄
t,马
地,土
玳,王
C,钅
舾,舟
,厂
壅,土
,T
勉,力
觏,见
材,木
,巾
站,立
|,鬼
,瓜
镜,钅
剞,刂
满,氵
h,衤
择,扌
荨,艹
快,忄
,禾
右,口
],阝
P,木
,艹
找,扌
往,彳
笃,竹
鲂,鱼
妄,女
隆,阝
,辶
,木
吝,口
推,扌
I,鸟
瀵,氵
醴,酉
,亠
,木
许,讠
搽,扌
鹁,鸟
,女
B,米
盆,皿
C,钅
烊,火
虑,虍
擒,扌
睛,目
飚,风
嗜,口
t,
b,亻
正,止
t,贝
胪,月
,纟
饯,饣
噱,口
G,金
,亻
Z,火
起,走
蝻,虫
腿,月
挂,扌
,木
邋,辶
厍,厂
随,阝
U,石
r,女
徕,彳
抗,扌
萘,艹
溟,氵
造,辶
^,王
,鱼
弪,弓
戬,戈
,竹
u,u
渴,氵
,门
k,王
稼,禾
L,巾
珍,王
剌,刂
镎,钅
科,禾
翕,羽
幔,巾
苗,艹
,车
浞,氵
凡,几
铣,钅
巩,工
惫,心
罪,
衰,衣
泳,氵
蹴,足
狷,犭
其,八
驼,马
绿,纟
暄,日
沈,氵
,丨
嘏,口
G,饣
v,扌
o,无
{,目
谳,讠
,歹
,钅
l,页
鸿,鸟
c,纟
胀,月
,扌
蛄,虫
橇,木
Z,贝
,氵
俊,亻
b,钅
,口
寒,宀
黔,黑
蕙,艹
擘,手
也,乙
酡,酉
靥,面
P,皿
婧,女
糨,米
捭,扌
楱,木
诲,讠
畹,田
,木
醋,酉
渊,氵
,刂
,工
Q,王
,鸟
底,广
Q,艹
榛,木
,阝
疣,疒
C,雨
箧,竹
,阝
,鸟
芭,艹
袱,衤
椰,木
钹,钅
甸,田
妻,女
笼,竹
\,人
泉,水
蹊,足
狍,犭
J,大
绕,纟
晚,日
迟,辶
汞,水
a,心
牢,牛
,囗
K,鱼
k,山
L,纟
荬,艹
柯,木
淳,氵
轴,车
,王
偶,亻
移,禾
老,老
蘅,艹
构,木
消,氵
儋,亻
g,钅
B,页
R,鸟
羔,灬
肖,月
,木
,贝
冠,冖
瘥,疒
垤,土
颦,页
M,虫
撮,扌
吹,口
p,米
,皮
精,米
臀,月
U,虫
歇,欠
今,人
,钅
哎,口
v,马
嫒,女
葙,艹
佟,亻
i,氵
燠,火
,行
,纟
扭,扌
,艹
导,寸
侉,亻
再,冂
钏,钅
i,见
c,阝
麓,鹿
,忄
Z,艹
,虫
沟,氵
伞,人
碧,石
鸨,鸟
,讠
亳,亠
趵,足
水,水
,亻
瘸,疒
砼,石
岿,山
旅,方
@,口
濉,氵
么,丿
赊,贝
偌,亻
篑,竹
,饣
胗,月
,讠
,攵
潞,氵
,目
y,隹
,艹
嗥,口
飧,z
P,扌
,讠
烷,火
,阝
,竹
顼,页
茁,艹
技,扌
撄,扌
d,车
,氵
p,阝
吏,口
r,鸟
o,艹
辞,辛
猡,犭
加,力
醢,酉
甥,生
咤,口
缩,纟
舫,舟
w,足
v,木
P,辶
r,王
圹,土
晃,日
蓄,艹
,竹
城,土
姒,女
鳔,鱼
蝙,虫
c,衤
狠,犭
镥,钅
瓤,瓜
o,口
绨,纟
蟮,虫
睹,目
闺,门
,士
螃,虫
怂,心
争,刀
_,车
,毛
傍,亻
c,门
砒,石
蜘,虫
殛,歹
涟,氵
丞,一
V,钅
锤,钅
禧,礻
,尢
肭,月
,讠
,氵
冷,冫
隹,隹
眸,目
礼,礻
聂,耳
擅,扌
g,讠
,氵
x,阝
子,子
糕,米
诛,讠
跟,足
,氵
,刂
哥,口
[,扌
f,竹
旯,日
h,讠
赴,走
饼,饣
舁,臼
掀,扌
N,日
踉,足
澈,氵
逍,辶
唏,口
箐,竹
弓,弓
y,~
昙,日
栝,木
躞,足
,厂
邢,阝
琥,王
n,i
徨,彳
茫,艹
暮,日
,车
状,犬
嘹,口
鬻,鬲
璺,玉
,鸟
纾,纟
菀,艹
权,木
s,艹
迈,辶
里,里
畏,田
柘,木
n,冫
珠,王
u,钅
痤,疒
鹩,鸟
恭,小
蛮,虫
橱,木
,钅
埸,土
铺,钅
黾,黾
肃,聿
躇,足
钋,钅
颓,页
缒,纟
宕,宀
暗,日
耘,耒
沛,氵
,钅
级,纟
崦,山
,女
螭,虫
e,日
趱,走
氰,气
讵,讠
嚷,口
旁,方
Z,虫
赆,贝
矍,目
噌,口
酎,酉
v,纟
屐,尸
敖,攵
m,贝
保,亻
楞,木
嗡,口
睢,目
句,口
黧,黑
o,纟
虬,虫
拯,扌
啶,口
x,辶
系,糸
卺,厄
竿,竹
茅,艹
抄,扌
万,一
霍,雨
K,髟
,忄
猥,犭
墨,土
n,鱼
舯,舟
,亻
,鱼
玺,玉
禾,禾
p,艹
恃,忄
苄,艹
|,王
雌,隹
鳐,鱼
忒,心
腙,月
惘,忄
镡,钅
瓠,瓜
,钅
饩,饣
磨,石
杭,木
闶,门
i,丿
昂,日
辇,车
氆,毛
_,廾
樊,木
鎏,金
岑,山
馓,饣
j,女
林,木
脘,月
涛,氵
w,车
羧,羊
^,饣
本,木
邹,阝
麽,麻
宿,宀
,扌
担,扌
豆,豆
棉,木
盍,皿
坌,土
^,辶
,山
孔,子
跛,足
仝,人
诟,讠
T,口
,钅
W,疒
,土
走,走
,木
l,讠
呶,口
酸,酉
,X
塾,土
萁,艹
舅,臼
,扌
榈,木
阍,门
瞌,目
匏,勹
箔,竹
怙,忄
X,日
渝,氵
`,王
鲦,鱼
砩,石
妨,女
蔫,艹
茯,艹
,衤
溲,氵
,鸟
帽,巾
碾,石
潇,氵
览,见
畋,田
g,韦
祓,礻
廒,广
,鱼
,彡
M,车
银,钅
凸,凵
_,纟
,忄
,饣
M,艹
漆,氵
隋,阝
,辶
猎,犭
,彳
骓,马
o,饣
谜,讠
n,木
唢,口
,女
弦,弓
太,大
搬,扌
辱,辰
爸,父
,广
柁,木
A,车
,匚
痍,疒
O,鸟
秕,禾
塔,土
杖,木
,车
M,忄
裟,衣
,土
y,钅
,比
,宀
葬,艹
惯,忄
蹰,足
,木
瓷,瓦
坶,土
q,钅
绻,纟
鱼,鱼
{,月
悄,忄
锍,钅
倏,亻
娓,女
w,月
,讠
x,见
v,R
掮,扌
液,氵
匹,匚
,灬
崽,山
蛀,虫
扃,户
胄,月
汇,氵
T,亻
铌,钅
灏,氵
,攵
[,黍
n,山
Q,艹
拘,扌
赝,贝
靡,非
酥,酉
烤,火
,扌
仰,亻
O,木
韶,音
,力
T,钅
搂,扌
鞋,革
栊,木
庑,广
W,~
斗,斗
N,贝
,口
,阝
带,巾
堪,土
,扌
o,身
G,衤
椴,木
喷,口
P,钅
猸,犭
鲽,鱼
E,纟
情,忄
绑,纟
V,鱼
磕,石
奔,大
晖,日
进,辶
恚,心
i,角
囡,囗
e,亻
嫩,女
硪,石
轰,车
毳,毛
噶,口
翻,羽
,口
U,亻
者,S
,囗
~,
W,虫
肚,月
Z,讠
,疒
垠,土
钢,钅
冤,冖
麦,麦
脯,月
,讠
沲,氵
锷,钅
刹,刂
鼻,鼻
,丶
尽,尸
t,饣
蟀,虫
捃,扌
浇,氵
仆,亻
诈,讠
@,门
,火
峒,山
z,马
,舟
佛,亻
^,豕
陡,阝
卣,卜
遥,辶
O,欠
摭,扌
零,雨
特,
司,口
籽,米
,亻
P,艹
愆,心
朊,月
钓,钅
檗,木
谘,讠
悛,忄
会,人
舜,夕
,
,钅
圪,土
训,讠
螵,虫
昴,日
簸,竹
傻,亻
槁,木
腆,月
噔,口
,讠
胛,月
,氵
蛟,虫
敞,攵
@,鱼
筢,竹
煦,灬
,口
G,目
,讠
,氵
,耳
奶,女
|,鱼
啾,口
`,车
,扌
堋,土
,穴
帏,巾
吓,口
,见
洙,氵
辚,车
挝,扌
缥,纟
甩,用
咨,口
踯,足
涮,氵
},马
逻,辶
],匚
阿,阝
疾,疒
扇,户
v,艹
髌,骨
郐,阝
赙,贝
拜,手
屣,尸
剧,刂
镩,钅
菲,艹
杵,木
,纟
闾,门
,丿
怆,忄
馋,饣
昊,日
c,女
,木
,口
业,业
茜,艹
J,纟
倦,亻
锨,钅
侯,亻
肱,月
蚵,虫
朴,木
,鱼
冻,冫
,木
,火
聆,耳
D,心
诗,讠
i,虫
摞,扌
x,禾
哩,口
譬,言
濯,氵
腰,月
蝴,虫
篷,竹
幺,幺
P,
矿,石
榀,木
踅,足
澄,氵
,子
S,马
式,弋
逑,辶
q,口
阕,门
袖,衤
氙,气
],足
W,艹
骢,马
邦,阝
d,王
褫,衤
U,阝
,车
沮,氵
尹,尸
纺,纟
刽,刂
^,见
浃,氵
迄,辶
w,艹
q,礻
,Y
勒,力
o,f
淘,氵
卧,卜
痨,疒
,牛
叼,口
链,钅
肇,聿
骋,马
妍,女
缎,纟
D,土
梗,木
抛,扌
耜,耒
,扌
纣,纟
,木
匦,匚
i,阝
唪,口
莱,艹
,戈
搴,手
,酉
,氵
咿,口
毁,殳
淅,氵
荆,艹
蕊,艹
种,禾
塌,土
珑,王
剐,刂
酒,酉
痕,疒
呔,口
苛,艹
浚,氵
蓟,艹
杞,木
寡,宀
祢,礻
工,工
郧,阝
番,田
衬,衤
泯,氵
艰,艮
曳,曰
磷,石
狻,犭
|,辶
瓿,瓦
],讠
檀,木
七,一
,贝
V,氵
蜉,虫
,日
餍,厂
碌,石
小,小
锕,钅
亘,二
,虫
,扌
y,钅
眩,目
,口
谯,讠
,氵
h,页
弹,弓
_,纟
,亻
O,钅
湃,氵
V,贝
L,疒
惜,忄
章,立
,巾
革,革
I,业
迮,辶
捱,扌
,攵
Z,鱼
罹,
,鸟
煽,火
较,车
戆,心
o,扌
,鸟
,刂
咕,口
,扌
斟,斗
t,羊
袭,衣
花,艹
攴,攵
,亻
缸,缶
去,厶
,口
Z,血
泅,氵
鹎,鸟
遒,辶
仙,亻
A,氵
,艹
,日
嫡,女
峥,山
A,钅
牦,
毫,毛
,王
U,氵
柳,木
蕴,艹
婶,女
屺,山
痿,疒
谅,讠
,女
k,钅
A,囗
疔,疒
,亻
思,心
宠,宀
颢,页
,钅
瘩,疒
,讠
钪,钅
贯,贝
悲,忄
l,饣
M,穴
,禾
锿,钅
诀,讠
跄,足
X,虫
筋,竹
X,纟
H,门
蹙,足
,氵
险,阝
Q,扌
胲,月
[,纟
忸,忄
,火
凼,凵
雾,雨
漂,氵
f,扌
鲋,鱼
骏,马
A,石
喑,口
邓,阝
厕,厂
抟,扌
碣,石
|,弓
匪,匚
o,辛
y,氵
戴,戈
康,广
砸,石
咻,口
X,革
瘼,疒
势,力
,殳
毅,殳
r,艹
,广
幌,巾
呐,口
青,青
,王
剔,刂
苟,艹
巡,巛
罢,
寥,宀
畦,田
泫,氵
,犭
蹬,足
,艹
想,心
艴,色
绷,纟
顸,页
E,瓦
孺,子
a,讠
檄,木
脉,月
,寸
鼍,w
m,纟
锑,钅
璐,王
K,钅
朝,月
,纟
笥,竹
储,亻
谫,讠
},钅
,亻
s,艹
耳,耳
鸷,鸟
夹,大
,钅
,火
R,贝
桃,木
,讠
_,月
Z,黄
铐,钅
埒,土
\,丿
棘,木
曜,日
^,鸟
糠,米
酩,酉
烨,火
潭,氵
们,亻
x,虫
,扌
,士
睽,目
覃,
戊,戈
,氵
斛,斗
蜜,虫
瞧,目
否,口
h,刂
n,氵
德,彳
喻,口
隽,隹
眼,目
县,厶
r,冫
蹂,足
葆,艹
绍,纟
,弓
,页
啐,口
f,十
菟,艹
峡,山
D,纟
韧,韦
淫,氵
转,车
毯,毛
X,艹
婺,女
靼,革
偾,亻
谁,讠
殄,歹
羌,羊
o,钅
V,讠
昝,日
,竹
,山
室,宀
钦,钅
贫,贝
B,钅
中,丨
鼷,鼠
锻,钅
Q,穴
仂,亻
评,讠
g,土
,月
筏,竹
,土
D,门
佗,亻
衙,行
,木
柜,木
,纟
K,马
V,竹
m,辶
O,日
蛲,虫
S,鸟
,女
白,白
郾,阝
,亻
蒇,艹
麋,鹿
,忄
颏,页
,钅
冕,冂
,讠
萜,艹
悟,忄
鸠,鸟
U,页
璧,玉
享,亠
,亻
,气
岷,山
},~
,口
,门
琼,王
B,亻
,氵
赂,贝
揉,扌
腊,月
u,鬼
镒,钅
燕,灬
蛛,虫
楚,木
捞,扌
忡,忄
k,纟
姥,女
铧,钅
睦,目
叩,口
,木
拳,手
驸,马
,钅
茉,艹
,纟
w,白
炔,火
辖,车
z,扌
莞,艹
缡,纟
庠,广
猩,犭
动,力
醪,酉
,歹
舳,舟
,鱼
,月
阻,阝
禺,忄
|,身
摇,扌
苈,艹
,糸
鳌,鱼
嗒,口
S,讠
g,齿
绠,纟
A,女
饥,饣
,钅
狨,犭
诮,讠
|,一
慵,忄
筹,竹
哼,口
,
薇,艹
昆,日
龋,齿
怊,忄
岍,山
馏,饣
税,禾
世,一
T,艹
鼠,鼠
,竹
尢,尢
^,钅
倪,亻
蚱,虫
,忄
嶷,山
笸,竹
钽,钅
滁,氵
,亻
拉,扌
聊,耳
糍,米
嵌,山
,R
监,皿
坐,土
b,金
兔,儿
跗,足
湖,氵
蟛,虫
K,月
I,扌
T,忄
E,氵
蝰,虫
腴,月
并,干
d,羽
V,月
,氵
,虫
榄,木
e,丶
授,扌
弋,弋
q,鱼
夏,夂
阑,门
,彳
熔,火
,木
,彳
鲢,鱼
砥,石
妤,女
厨,厂
邪,阝
,木
茳,艹
,扌
纶,纟
_,石
|,辶
歃,欠
规,见
,攵
,瓦
哒,口
,钅
翠,羽
季,子
,页
秤,禾
啧,口
J,讠
穹,穴
寸,寸
冁,R
R,忄
垅,土
骇,马
肋,月
,纟
R,刂
,犭
,木
,钅
碛,石
崞,山
耠,耒
,扌
f,艹
谨,讠
,亻
伪,亻
爬,爪
嚯,口
W,马
砰,石
岳,山
y,纟
薹,艹
讽,讠
亿,亻
,火
{,z
屈,尸
R,齐
揍,扌
w,艹
,木
,氵
乔,丿
,日
w,飞
睚,目
寝,宀
黟,黑
g,纟
蓣,艹
换,扌
C,讠
楦,木
烫,火
f,钅
盯,目
啮,口
A,页
拷,扌
葸,艹
,讠
M,氵
炀,火
吃,口
的,白
娇,女
f,鸟
a,木
p,车
d,酉
甙,甘
v,艹
D,见
,氵
Q,匚
n,土
疮,疒
失,大
,竹
,弓
舷,舟
,忄
U,虫
参,厶
雄,隹
_,禾
姆,女
恋,心
苌,艹
晏,日
,车
},刂
镙,钅
,王
,巾
T,月
惠,心
蝥,虫
注,氵
獭,犭
问,门
声,士
R,马
W,门
嚅,口
O,纟
井,二
锘,钅
羟,羊
质,贝
个,丨
猬,犭
缴,纟
蒹,艹
攸,攵
便,亻
烁,火
兀,儿
盅,皿
w,页
F,米
鹊,鸟
拍,扌
,艹
,木
r,言
滕,水
,亻
H,钅
哙,口
,马
诧,讠
桦,木
@,钅
C,矢
饰,饣
,艹
送,辶
阅,门
瞄,目
m,鱼
,纟
舍,舌
掌,手
,虫
Z,王
喘,口
宜,宀
鲞,鱼
怡,忄
\,艹
春,日
氩,气
k,足
刭,刂
,扌
,B
,门
C,亠
,臼
沾,氵
,酉
筇,竹
,子
B,心
廊,广
菌,艹
杏,木
觐,见
浓,氵
返,辶
南,十
痘,疒
召,口
铮,钅
,髟
胶,月
摹,手
,虫
,贝
颇,页
笆,竹
徉,彳
芋,艹
紊,糸
W,足
椒,木
化,匕
,竹
w,口
M,页
粟,米
萤,艹
梧,木
劫,力
醭,酉
咯,口
庳,广
R,隹
[,见
格,木
剀,刂
病,疒
蝎,虫
郗,阝
埙,土
畚,田
姝,女
鳟,鱼
慢,忄
武,止
俩,亻
浪,氵
瓯,瓦
驰,马
绳,纟
,虫
,木
佾,亻
,钅
犀,牛
锅,钅
堇,土
,w
i,纟
脍,月
悌,忄
檐,木
专,一
沔,氵
i,钅
眙,目
,土
挡,扌
攥,扌
讦,讠
漩,氵
亨,亠
,亻
鸳,鸟
,山
耷,耳
],言
G,谷
癃,疒
铄,钅
硇,石
密,宀
手,手
背,月
湓,氵
静,青
盘,皿
,饣
,尸
荡,艹
擤,扌
轩,车
滨,氵
僬,亻
,韭
筱,竹
s,山
E,艹
A,艹
劁,刂
馇,饣
薏,艹
明,日
输,车
,木
,火
刖,刂
,口
F,i
枣,木
Z,艹
榧,木
骱,骨
,彳
鲵,鱼
k,虫
狁,犭
^,匚
遂,辶
啄,口
绉,纟
,弓
虎,虍
法,氵
,钅
牖,片
,鱼
瑚,王
@,纟
l,虫
恢,忄
H,木
汪,氵
酬,酉
翳,羽
j,土
,忄
,虫
乾,乙
[,钅
M,犭
圃,囗
备,夂
b,
耍,而
,言
谕,讠
涔,氵
,钅
瘙,疒
钚,钅
砝,石
x,女
,犭
戡,戈
肢,月
,扌
b,讠
温,氵
侨,亻
a,钅
,贝
倭,亻
锯,钅
皮,皮
娱,女
碲,石
,月
x,扌
撺,扌
贿,贝
睃,目
E,亻
o,礻
捋,扌
臌,月
敏,攵
,讠
孛,子
揠,扌
,礻
蹩,足
灭,火
寰,宀
,饣
巴,巳
Y,车
喁,口
邃,辶
厅,厂
麇,鹿
u,纟
蒋,艹
笊,竹
芏,艹
愎,忄
Y,鸟
窟,穴
患,心
溧,氵
咫,口
鞭,革
,土
,月
辽,辶
,氵
呀,口
|,王
q,刂
秉,禾
r,虫
I,月
淑,氵
毕,比
,犭
忝,小
髟,髟
神,礻
浦,氵
歪,止
陬,阝
狯,犭
兮,八
驴,马
曷,曰
泻,氵
蹼,足
锁,钅
璀,王
犄,
A,饣
蜍,虫
暌,日
沐,氵
n,木
焙,火
,人
m,钅
缝,纟
府,广
F,香
~,扌
,艹
挥,扌
,钅
讪,讠
圭,土
羲,羊
掺,扌
伽,亻
铀,钅
,氵
埂,土
繇,糸
l,风
桓,木
,言
噗,口
烘,火
络,纟
,艹
D,扌
荥,艹
,囗
y,纟
峰,山
筵,竹
,艹
龇,齿
墉,土
F,艹
怎,心
,见
吖,口
{,阝
刚,刂
堞,土
澧,氵
,口
鲱,鱼
,纟
,亻
陂,阝
磉,石
奈,大
,马
蹒,足
,牙
臣,臣
痫,疒
m,隹
干,干
,鱼
c,月
添,氵
轼,车
,毛
玄,玄
谑,讠
,讠
,钅
b,纟
徜,彳
颞,页
搡,扌
戥,戈
栩,木
锫,钅
嘭,口
e,钅
炮,火
就,尢
h,饣
纲,纟
蜷,虫
贻,贝
丽,丶
,口
,木
,木
n,马
捏,扌
,足
,木
诔,讠
块,土
嵛,山
孟,子
葡,艹
无,无
佧,亻
衩,衤
,木
`,疒
X,阝
,工
o,黑
恹,忄
裾,衤
|,钅
内,冂
鲇,鱼
缆,纟
安,宀
蚋,虫
挎,扌
侑,亻
誓,言
洒,氵
D,囗
纛,糸
碟,石
沧,氵
伦,亻
,门
琬,王
,亻
媳,女
破,石
莹,艹
,目
镂,钅
B,竹
,饣
濑,氵
乐,丿
铗,钅
叙,又
黛,黑
川,川
食,食
Z,竹
苣,艹
敢,攵
y,贝
潦,氵
V,皿
烯,火
卮,厄
鹰,鸟
E,页
X,扌
H,艹
I,氵
霁,雨
n,白
刃,刀
h,阝
,寸
A,髟
窈,穴
源,氵
d,木
醚,酉
岜,山
b,鱼
Z,艹
k,力
H,亠
逯,辶
玮,王
弱,弓
W,网
架,木
,忄
雀,隹
郄,阝
忆,忄
o,月
晋,日
姊,女
裔,衣
呗,口
幛,巾
Z,鸟
糜,米
,日
腥,月
b,言
,木
罱,
,鸟
|,虫
课,讠
傅,亻
,鸟
螋,虫
膏,月
戎,戈
云,二
,讠
疗,疒
K,口
N,钅
倚,亻
掣,手
涧,氵
K,干
,讠
垫,土
钭,钅
甬,用
冯,冫
缰,纟
害,宀
礴,石
芹,艹
O,贝
洼,氵
址,土
兄,儿
鹆,鸟
操,扌
滑,氵
佐,亻
棕,木
癖,疒
,力
,马
t,禾
矫,矢
镬,钅
,刂
`,竹
饴,饣
旷,日
荸,艹
槿,木
阁,门
瞀,目
,一
逅,辶
熄,火
崇,山
萍,艹
斌,文
,氵
蠕,虫
榔,木
厘,厂
,竹
骞,马
急,心
g,足
,木
,衤
吭,口
鄯,阝
帱,巾
粲,米
堵,土
蔷,艹
,车
,艹
y,口
哂,口
运,辶
,口
a,鱼
,纟
柠,木
,忄
,讠
瑭,王
嗬,口
,钅
,石
批,扌
胺,月
汽,氵
Z,讠
妁,女
,鱼
待,彳
喉,口
袋,衣
躏,足
洎,氵
O,艹
窗,穴
外,夕
沣,氵
萨,艹
q,鱼
L,米
,广
咳,口
P,革
瘴,疒
永,水
莽,艹
私,禾
魂,鬼
翅,羽
幄,巾
酆,阝
痉,疒
呈,口
母,母
赎,贝
懑,心
荒,艹
祖,礻
郛,阝
罚,
v,隹
u,十
止,止
e,亻
r,艹
杪,木
马,马
绯,纟
p,卩
陴,阝
豸,豸
,忄
替,曰
,饣
切,刀
锉,钅
H,王
脑,月
蜕,虫
首,首
,纟
岘,山
龚,龙
猝,犭
订,讠
交,亠
膦,月
,扌
\,亻
,女
鸯,鸟
綮,糸
D,钅
玲,王
耻,耳
},艹
@,竹
寂,宀
黄,黄
片,片
准,冫
蛔,虫
棠,木
滤,氵
,艹
g,竹
k,人
围,囗
z,角
,氵
,丿
墁,土
稂,禾
[,钅
^,氵
,见
瘊,疒
辏,车
戒,戈
算,竹
,土
,火
帚,巾
瞟,目
吞,口
涣,氵
控,扌
妫,女
第,竹
邱,阝
焰,火
喳,口
,目
芽,艹
磁,石
,马
绅,纟
,王
Q,立
惑,心
硖,石
峙,山
,纟
,月
瑞,王
跣,足
以,人
,艹
秫,禾
,~
酰,酉
割,刂
靴,革
荼,艹
柿,木
,页
禀,示
崃,山
z,
伏,亻
Z,一
z,忄
颖,页
爝,火
钞,钅
校,木
渥,氵
a,饣
蚪,虫
,女
鼯,鼠
粮,米
^,口
,言
溺,氵
蜿,虫
,扌
L,弓
嫂,女
,门
囊,口
诌,讠
字,子
坟,土
衡,行
槠,木
,氵
葩,艹
旨,日
,宀
凰,几
埴,土
q,衣
汹,氵
U,车
宁,宀
,鹿
,山
,辶
蚓,虫
,心
碗,石
嬖,女
,
K,囗
谤,讠
S,马
砬,石
爰,
,口
琴,王
边,辶
游,氵
,月
怼,心
篁,竹
婀,女
,尸
{,钅
镊,钅
,木
I,车
I,扌
策,竹
忙,忄
凝,冫
铟,钅
A,目
胧,月
,页
糯,米
窀,穴
布,巾
霉,雨
皈,白
茑,艹
O,艹
缙,纟
,鸟
,亻
@,革
次,欠
津,氵
q,马
薪,艹
夭,大
T,匚
阳,阝
,口
舻,舟
髀,骨
,纟
鳄,鱼
,厶
,木
W,衤
俎,人
晓,日
_,齿
绘,纟
,刂
酝,酉
@,火
祭,示
壬,士
勰,力
诶,讠
跺,足
蟾,虫
龃,齿
砂,石
醇,酉
爆,火
琊,王
渎,氵
螓,虫
怒,心
,女
玛,王
尚,小
~,阝
疟,疒
嘞,口
,氵
贤,贝
憧,忄
H,虫
宫,宀
\,石
H,钅
钵,钅
h,田
u,氵
肽,月
孀,女
糅,米
Z,钅
棍,木
聒,耳
,扌
],亻
癞,疒
桢,木
臧,臣
扦,扌
饬,饣
,纟
,巾
D,钅
石,石
,亻
轸,车
腼,月
G,马
简,竹
弃,廾
儇,亻
阉,门
,虫
掐,扌
骖,马
徘,彳
鲚,鱼
r,氵
农,冖
模,木
袢,衤
芦,艹
,鸟
吵,口
丹,丶
暾,日
,鱼
,车
c,衤
觌,见
浏,氵
从,人
杓,木
套,大
翘,羽
F,火
,口
,讠
佣,亻
淤,氵
硭,石
姬,女
台,口
R,讠
俸,亻
,贝
恽,忄
蛾,虫
,山
颃,页
缂,纟
宅,宀
N,瓦
冉,冂
猊,犭
侍,亻
椎,木
肓,月
崖,山
I,页
X,王
阜,阜
犟,牛
谠,讠
q,木
伢,亻
暧,日
耨,耒
岫,山
,女
琰,王
,亻
,钅
,广
核,木
螽,虫
昼,日
局,尸
@,竹
镆,钅
,火
偈,亻
,火
乌,丿
,女
铛,钅
筚,竹
埝,土
u,钅
煞,灬
裣,衤
潢,氵
敦,攵
鹬,鸟
端,立
^,大
,钅
鉴,金
F,卜
\,扌
虼,虫
拿,手
,土
窄,穴
l,乙
蔑,艹
茕,艹
K,石
^,鱼
h,辛
莪,艹
弭,弓
Y,礻
唱,口
,木
憾,忄
B,疒
,口
C,阝
及,又
,车
蓐,艹
苔,艹
,巾
呛,口
赡,贝
泠,氵
腩,月
惨,忄
],广
,田
,齐
C,犭
楹,木
诺,讠
臾,臼
岁,山
G,心
理,王
趋,走
n,火
亍,二
栎,木
m,羊
尖,小
霜,雨
玟,王
丢,一
枧,木
缬,纟
钱,钅
田,田
决,冫
猴,犭
糁,米
鹂,鸟
[,穴
先,儿
,亻
,扌
,土
囝,囗
P,钅
灞,氵
解,角
扪,扌
r,齿
],竹
镰,钅
,口
F,日
蝼,虫
揿,扌
K,马
u,竹
,囗
选,辶
,灬
澌,氵
萑,艹
斐,文
u,女
骚,马
,土
氡,气
怩,忄
芪,艹
席,巾
鬯,鬯
吱,口
皲,皮
,车
蔻,艹
],鸟
l,礻
睇,目
哆,口
测,氵
藐,艹
菔,艹
彗,彐
,页
秘,禾
,阝
矜,矛
卟,卜
象,豕
聩,耳
O,艹
,饣
,二
牵,牛
V,讠
征,彳
q,纟
钇,钅
厉,厂
Q,足
焊,火
攒,扌
粗,米
多,夕
{,木
舨,舟
,广
N,韦
瘰,疒
劳,力
醵,酉
讹,讠
翁,羽
,鸟
塄,土
珉,王
酊,酉
H,讠
柑,木
{,艹
鳗,鱼
r,隹
祚,礻
嗝,口
P,阝
信,亻
绫,纟
Y,忄
,石
,阝
狳,犭
遴,辶
泷,氵
佶,亻
娃,女
,饣
下,一
,贝
沌,氵
悔,忄
笙,竹
q,
鸫,鸟
膪,月
崭,山
,钅
疲,疒
谷,谷
澶,氵
耿,耳
h,风
鋈,金
,氵
蛐,虫
打,扌
y,口
镝,钅
瓜,瓜
\,车
滠,氵
荩,艹
拨,扌
m,山
R,~
困,囗
闲,门
歹,歹
J,艹
G,鱼
墅,土
,刂
辋,车
,见
莓,艹
s,扌
帖,巾
熟,灬
斧,斤
茨,艹
鲭,鱼
,i
妯,女
[,阝
邵,阝
u,讠
G,欠
蒽,艹
绁,纟
彀,弓
磅,石
奄,大
陆,阝
午,十
n,讠
,艹
惕,忄
t,鸟
,人
哝,口
仡,亻
诣,讠
晦,日
恪,忄
i,鸟
积,禾
呲,齿
酴,酉
混,氵
懿,心
,页
禄,礻
唇,口
c,钅
谍,讠
涌,氵
蘑,艹
析,木
耕,耒
憔,忄
官,宀
颚,页
喜,口
渡,氵
侠,亻
,贝
,戈
肪,月
F,穴
嘱,口
i,钅
贷,贝
溶,氵
蜻,虫
,钅
潋,氵
M,亻
跌,足
,山
N,竹
坛,土
濠,氵
补,衤
c,疒
铲,钅
灵,火
R,几
Q,车
橹,木
,扌
,艹
,凵
茂,艹
e,车
锎,钅
帔,巾
芗,艹
u,氵
钣,钅
瘤,疒
骧,马
掭,扌
般,舟
榱,木
x,足
疹,疒
I,钅
场,土
崾,山
臁,月
捂,扌
V,虫
畎,田
w,马
筒,竹
拗,扌
L,月
j,虫
滟,氵
赞,贝
瓣,瓜
噤,口
,尸
胫,月
p,齿
扬,扌
l,亻
,氵
x,w
愁,心
颐,页
缕,纟
枚,木
x,讠
涞,氵
,阝
吣,口
玢,王
怫,忄
是,日
薮,艹
讲,讠
爷,父
咸,口
砻,石
y,艹
,日
\,辶
契,大
磐,石
W,鱼
录,王
绔,纟
教,攵
,讠
Q,阝
,一
睥,目
,女
忪,忄
荭,艹
旮,日
轵,车
广,广
,比
舂,臼
殇,歹
,虫
踊,足
,
,纟
t,口
攘,扌
辟,辛
w,门
k,~
岩,山
茬,艹
y,木
褰,衣
,
q,王
锸,钅
鬼,鬼
尾,尸
胁,月
框,木
[,忄
凋,冫
埏,土
飑,风
o,山
},土
槛,木
虚,虍
,氵
,儿
痣,疒
\,钅
坤,土
,忄
鹪,鸟
u,虫
跳,足
仵,亻
潴,氵
h,钅
畸,田
态,心
膀,月
,虫
q,火
`,钅
咎,口
砑,石
馐,饣
媒,女
悖,忄
,讠
伟,亻
逡,辶
唣,口
,
,鱼
愫,忄
纪,纟
术,木
洳,氵
n,讠
猷,犬
邶,阝
,鱼
蕃,艹
柄,木
酋,酉
前,刂
,王
塑,土
P,鸟
幕,巾
翔,羽
诜,讠
,力
Y,疒
,衤
e,竹
廪,广
A,足
卷,厄
,钅
驽,马
m,纟
脂,月
丈,一
犋,
,贝
倌,亻
霎,雨
t,纟
H,饣
尔,小
O,阝
b,王
颧,页
,夂
e,耒
涵,氵
谴,讠
禽,忄
m,贝
菁,艹
歆,欠
勋,力
浊,氵
重,里
哏,口
廓,广
,木
,艹
,黑
O,皿
酢,酉
呤,口
,石
,巾
苫,艹
g,鸟
恬,忄
,艹
汴,氵
培,土
癸,h
髻,髟
硼,石
持,扌
e,扌
漉,氵
笑,竹
骐,马
妒,女
鲔,鱼
掖,扌
W,
嘣,口
锥,钅
箦,竹
P,见
,氵
稻,禾
墼,土
簿,竹
,扌
,氵
E,刂
免,刀
孑,子
蛘,虫
楝,木
a,衤
俞,人
略,田
铤,钅
,宀
罩,
h,儿
腭,月
乳,乙
槲,木
赵,走
偷,亻
,王
R,女
饽,饣
屿,山
榇,木
王,王
谊,讠
,亻
疏,疋
阎,门
C,页
崔,山
u,月
,口
趟,走
务,力
鞣,革
缨,纟
悭,忄
脬,月
贴,贝
制,刂
霸,雨
q,饣
苁,艹
恂,忄
友,又
汊,氵
,口
髑,骨
硒,石
鳕,鱼
,舟
毛,毛
葚,艹
L,氵
占,卜
矣,矢
遢,辶
啤,口
秧,禾
迳,辶
浴,氵
Q,钅
囹,囗
,寸
,礻
搅,扌
薄,艹
辈,车
e,氵
醌,酉
嚎,口
T,鱼
墒,土
{,竹
抖,扌
圣,土
大,大
窦,穴
鸩,鸟
挫,扌
粪,米
支,支
漳,氵
钺,钅
H,纟
麾,麻
,扌
旄,方
M,衤
义,丶
,钅
镏,钅
展,尸
y,纟
觜,角
仞,亻
牡,
b,亻
嫦,女
K,纟
峪,山
,讠
佳,亻
,木
具,八
顽,页
绾,纟
悃,忄
蜂,虫
璋,王
e,讠
嘌,口
犏,
碓,石
,犭
依,亻
_,王
那,阝
厥,厂
妩,女
枭,木
谰,讠
伲,亻
段,殳
V,讠
熹,灬
逸,辶
区,匚
羽,羽
A,衤
藁,艹
杂,木
菅,艹
仇,亻
浆,水
觉,见
煎,灬
,厂
蕖,艹
泛,氵
荚,艹
乜,乙
,木
襞,衣
面,面
继,纟
苯,艹
汰,氵
裳,衣
雷,雨
凹,凵
灸,火
忽,心
^,纟
芄,艹
袈,衣
眍,目
鲐,鱼
徒,彳
笕,竹
,月
x,车
锡,钅
,彳
瞢,目
帧,巾
綦,糸
箪,竹
栳,木
r,冖
,门
稿,禾
擀,扌
聃,耳
拄,扌
蹇,足
坍,土
I,钅
,页
孕,子
铠,钅
z,钅
左,工
飨,z
y,虫
酹,酉
B,王
婿,女
o,心
,氵
谆,讠
疋,疋
,讠
,竹
W,王
,辶
螗,虫
,文
醣,酉
墩,土
沱,氵
贰,贝
串,丨
,木
点,灬
刺,刂
纽,纟
@,土
蓁,艹
r,日
汆,水
裉,衤
雍,隹
,鱼
姓,女
,纟
x,骨
,艹
艚,舟
作,亻
o,卩
院,阝
卤,卜
X,大
P,马
A,十
觳,角
s,厂
r,亻
煸,火
c,鱼
搁,扌
,心
栉,木
,疒
w,艹
撖,扌
耙,耒
抚,扌
踝,足
,钅
弧,弓
,石
攫,扌
振,扌
肮,月
躲,身
眷,目
钶,钅
徼,彳
揄,扌
,耒
噍,口
屑,尸
婕,女
恙,心
D,月
远,辶
团,囗
U,钅
峦,山
,女
惮,忄
B,氵
,讠
坷,土
瓶,瓦
狺,犭
},皿
\,子
\,扌
皋,白
褊,衤
同,口
帐,巾
,穴
蒗,艹
战,戈
,巾
垡,土
瘠,疒
,钅
冥,冖
鲧,鱼
H,禾
断,斤
f,一
t,王
,钅
,亻
b,纟
,忄
,口
潆,氵
诉,讠
,木
像,亻
,大
{,马
,氵
腚,月
,木
},口
镢,钅
Z,米
l,齿
饪,饣
胯,月
俱,亻
O,讠
桴,木
铷,钅
叹,口
黻,黹
巽,饣
籼,米
蚀,虫
肄,聿
,木
甍,瓦
钌,钅
缑,纟
,鹿
,山
颔,页
丛,一
,忄
贝,贝
,歹
@,雨
M,疒
尧,兀
],门
U,礻
怯,忄
,走
縻,糸
醺,酉
豇,豆
,几
陋,阝
,王
遏,辶
绐,纟
奕,大
磔,石
苘,艹
n,贝
睡,目
雠,隹
S,阝
c,竹
,髟
,亻
,艹
],扌
轱,车
呷,口
矶,石
幻,幺
z,B
篾,竹
,扌
,氵
_,目
蠊,虫
熏,灬
h,钅
v,鱼
夔,夂
辛,辛
眠,目
v,艹
傥,亻
笨,竹
播,扌
蔬,艹
溱,氵
梵,木
褴,衤
嘶,口
犹,犭
n,钅
债,亻
粽,米
,讠
埋,土
桊,木
铍,钅
减,冫
,穴
黑,黑
寓,宀
飕,风
旗,方
,口
聚,耳
槟,木
~,讠
坠,土
,王
鹦,鸟
敬,攵
V,白
,氵
诳,讠
闷,门
勹,勹
F,R
{,山
E,马
怅,忄
了,乙
P,王
`,门
V,纟
,广
馔,饣
暖,日
伛,亻
悚,忄
谝,讠
w,木
阡,阝
匣,匚
],王
崧,山
约,纟
末,木
U,石
芮,艹
D,贝
男,田
隶,隶
邺,阝
Z,山
j,礻
i,鱼
,木
荃,艹
赇,贝
酏,酉
p,米
菘,艹
汝,氵
V,疒
,钅
,禾
L,鱼
葭,艹
拮,扌
啷,口
彻,彳
,竹
沃,氵
^,讠
脆,月
蜊,虫
娌,女
p,纟
H,钅
I,口
氘,气
肛,月
鲣,鱼
琨,王
,亻
枵,木
^,纟
强,弓
v,王
唾,口
见,见
N,欠
迅,辶
,忄
藉,艹
G,厂
W,纟
金,金
哓,口
獒,犬
\,衤
蕞,艹
周,口
恰,忄
,艹
晴,日
叽,口
椁,木
L,足
攉,扌
蒈,艹
验,马
,辶
隔,阝
,艹
W,饣
箢,竹
,鼠
锩,钅
瞪,目
港,氵
莲,艹
稷,禾
岸,山
瘿,疒
,门
检,木
,氵
艇,舟
|,月
鹏,鸟
兑,儿
盔,皿
浙,氵
俚,亻
苜,艹
,宀
I,夂
铨,钅
淮,氵
腱,月
揲,扌
婷,女
偻,亻
,讠
掇,扌
耆,S
N,艹
,女
,亻
膛,月
螟,虫
庥,广
缤,纟
z,钅
咩,口
用,用
,讠
悱,忄
蜴,虫
粹,米
吾,口
裁,衣
a,忄
蓉,艹
始,女
y,日
忏,忄
郑,阝
嗓,口
牒,片
雕,隹
毗,比
,木
奠,大
,纟
H,马
彤,彡
珧,王
觫,角
陪,阝
慰,心
},木
,艹
J,犭
,口
,木
清,氵
辄,车
C,艹
稍,禾
P,鱼
瀑,氵
醐,酉
,刂
瘕,疒
鞔,革
谙,讠
r,车
撞,扌
R,页
鸥,鸟
漯,氵
Z,风
V,山
钾,钅
,木
赃,贝
久,丿
,氵
荇,艹
,饣
篌,竹
,石
镓,钅
@,氵
菜,艹
僦,亻
,艹
门,门
,讠
佯,亻
泮,氵
聱,耳
F,虫
养,R
绺,纟
},阝
溃,氵
褂,衤
茆,艹
G,艹
鼎,鼎
皓,白
u,阝
Y,艹
怜,忄
X,艹
审,宀
稠,禾
垩,土
榭,木
舰,舟
羹,羊
鸸,鸟
逼,辶
圾,土
证,讠
仃,亻
楂,木
捆,扌
,衣
C,钅
,火
I,门
,木
P,讠
乘,丿
招,扌
赚,贝
绣,纟
,饣
,尸
烧,火
器,口
G,讠
镪,钅
扰,扌
蛳,虫
,扌
Z,i
函,凵
灼,火
铿,钅
有,月
颌,页
冒,冂
Y,瓦
钔,钅
殖,歹
t,车
,月
枞,木
i,王
氯,气
p,辛
砷,石
庸,广
爻,爻
,亻
q,王
Y,革
泄,氵
S,鱼
卑,十
狐,犭
啕,口
,王
,氵
慝,心
胜,月
,髟
另,口
雨,雨
嗪,口
濮,氵
,心
,卤
,刂
酽,酉
矾,石
s,心
舆,臼
{,竹
R,艹
,纟
匐,勹
递,辶
唔,口
,二
_,氵
莛,艹
,忄
W,艹
笠,竹
眨,目
梭,木
抱,扌
撵,扌
h,艹
娶,女
纹,纟
尺,尸
炽,火
促,亻
桂,木
W,贝
蛉,虫
摊,扌
铕,钅
v,讠
佘,人
豚,豕
虞,虍
,羽
,页
燧,火
`,钅
坨,土
诫,讠
z,火
路,足
整,攵
U,
l,
,木
x,讠
氅,毛
趄,走
P,日
螈,虫
砍,石
,亻
h,门
b,氵
,鱼
[,木
育,月
骶,骨
s,犭
冼,冫
难,隹
淄,氵
,木
塍,土
k,禾
L,B
剑,刂
珐,王
靓,青
呕,口
痔,疒
还,辶
恝,心
w,禾
,土
,刂
],疒
哪,口
,氵
D,艮
,忄
葵,艹
,立
y,石
j,纟
遽,辶
盾,目
梃,木
暇,日
希,巾
吐,口
芟,艹
宥,宀
隧,阝
,冖
|,氵
踬,足
舴,舟
禹,忄
i,页
瞽,目
阼,阝
诅,讠
,月
峋,山
t,礻
滗,氵
赖,贝
T,讠
拟,扌
屠,尸
~,石
R,卜
镦,钅
},贝
鍪,金
俭,亻
胳,骨
t,黑
姹,女
埽,土
l,又
洁,氵
C,讠
愉,忄
D,聿
缍,纟
甑,瓦
钐,钅
垒,土
猕,犭
F,一
,艹
褙,衤
殚,歹
,心
Y,斗
嘧,口
,阝
,气
京,亠
樯,木
U,忄
H,虫
|,纟
嚼,口
爿,爿
绌,纟
,口
,王
道,辶
单,十
裘,衣
嗦,口
,火
部,阝
只,口
轭,车
,竹
,木
Y,艹
,干
,纟
呻,口
剿,刂
c,灬
枇,木
萆,艹
f,日
,页
唐,口
阒,门
辗,车
薛,艹
,冂
素,糸
笤,竹
傩,亻
抵,扌
茴,艹
碹,石
倾,亻
S,贝
摆,扌
h,山
黍,黍
硎,石
铑,钅
K,心
,门
,氵
秣,禾
孤,子
矧,矢
全,入
跫,足
误,讠
数,攵
至,至
壹,士
祸,礻
闻,门
国,囗
y,乙
,木
膈,月
龌,齿
y,火
g,钅
众,人
,虫
红,纟
a,王
洫,氵
侬,亻
鲶,鱼
,女
画,田
骺,骨
猿,犭
邾,阝
淀,氵
蝇,虫
懈,忄
翌,羽
魏,鬼
`,虫
,日
U,广
H,鱼
哦,口
蹭,足
森,木
葱,艹
曲,曰
彷,彳
g,米
项,页
啻,口
竺,竹
,阝
卿,卩
一,一
撇,扌
,虫
脊,月
锒,钅
倔,亻
樘,木
搜,扌
肟,月
御,彳
骣,马
妥,女
a,石
钧,钅
厩,厂
爨,火
谬,讠
,木
~,马
夺,大
疽,疒
匾,匚
迁,辶
觅,见
杆,木
慊,忄
,钅
泗,氵
曛,日
惟,忄
荞,艹
竣,立
_,土
t,月
F,车
酪,酉
n,衤
晰,日
{,艹
对,寸
穸,穴
,田
嗽,口
O,氵
椅,木
袄,衤
按,扌
芈,j
{,纟
,鱼
隐,阝
,口
焕,火
t,讠
娣,女
I,纟
吧,口
渫,氵
议,讠
戳,戈
,木
媸,女
,疒
,氵
,亻
,氵
,廾
拈,扌
鹋,鸟
糌,米
坑,土
盐,皿
兕,儿
歙,欠
敝,攵
罡,
黠,黑
巢,巛
祥,礻
~,钅
赭,赤
{,虫
噻,口
偿,亻
F,王
殃,歹
谂,讠
文,文
J,艹
福,礻
T,马
Z,王
,钅
,亻
y,扌
缠,纟
礤,石
助,力
j,犭
沭,氵
贬,贝
,日
,忄
,巾
t,玉
锼,钅
求,水
装,衣
鳍,鱼
f,页
,王
J,阝
,心
f,月
痧,疒
迫,辶
觯,角
杰,木
b,忄
,音
哽,口
栅,木
t,竹
咒,口
l,氵
萝,艹
鸡,鸟
粢,米
唧,口
漫,氵
蒲,艹
宸,宀
U,水
激,氵
s,口
偕,亻
燔,火
他,亻
橙,木
诘,讠
藜,艹
物,
Y,金
,亻
虱,虫
S,扌
,耳
绶,纟
驹,马
坻,土
磺,石
,钅
t,亻
璃,王
,一
沓,水
且,一
喙,口
颛,页
宝,宀
麟,鹿
怠,心
氨,气
售,口
\,礻
a,页
嬲,女
方,方
萸,艹
^,讠
L,口
祆,礻
f,B
,艹
觑,见
迕,辶
狗,犭
员,口
n,青
统,纟
[,鸟
F,扌
,木
襦,衤
郫,阝
叭,口
雯,雨
P,几
念,心
苷,艹
摸,扌
橼,木
邀,辶
厂,厂
e,目
,土
妆,女
x,纟
鲈,鱼
徊,彳
,木
漕,氵
躔,足
列,刂
错,钅
,土
探,扌
蜥,虫
贩,贝
劬,力
户,户
螺,虫
趾,足
允,儿
烀,火
糈,米
聋,耳
拌,扌
虏,虍
V,色
何,亻
滔,氵
留,田
铘,钅
埚,土
筝,竹
州,川
l,月
来,木
蛤,虫
浩,氵
俪,亻
,口
饱,饣
_,彐
,忄
蕹,艹
u,言
x,亻
疃,田
圄,囗
w,竹
,页
憋,心
G,B
,木
萎,艹
涓,氵
,讠
j,木
咙,口
甘,甘
龟,龟
愠,忄
讧,讠
吮,口
碱,石
娲,女
纵,纟
B,鼠
,扌
蔸,艹
,口
郁,阝
雅,隹
寇,宀
,鱼
苍,艹
,扌
a,辶
u,禾
孜,子
翟,羽
,木
,纟
E,土
獬,犭
,鸟
e,巛
罴,
,攵
歼,歹
劂,刂
瘅,疒
床,广
戍,戈
树,木
辔,车
北,匕
炖,火
,钅
},白
弟,弓
粞,米
抢,扌
梦,木
谩,讠
溪,氵
眯,目
钮,钅
,纟
蚺,虫
{,米
,亻
,火
魇,鬼
屉,尸
腋,月
槐,木
赓,贝
僖,亻
瑙,王
囚,囗
t,口
L,肉
汩,氵
跨,足
八,八
仪,亻
g,钅
坯,土
瓮,瓦
B,页
u,卜
惶,忄
使,亻
泾,氵
刀,刀
p,豸
鄂,阝
各,口
碇,石
,木
师,巾
褒,衣
邗,阝
瘘,疒
骛,马
y,女
砜,石
鲟,鱼
蚣,虫
~,扌
侩,亻
圮,土
箱,竹
v,月
Z,i
,木
蘸,艹
蠼,虫
,亻
,钅
,门
,土
P,竹
,月
李,木
译,讠
仓,人
噘,口
G,钅
糟,米
,木
警,言
W,赤
凭,几
铯,钅
穰,禾
,厄
籴,米
r,月
猁,犭
y,钅
缉,纟
麈,鹿
愍,心
肌,月
,木
貔,豸
,亻
玖,王
疚,疒
羞,羊
[,艹
,车
涪,氵
催,亻
g,王
L,革
莶,艹
j,艹
达,辶
十,十
,犬
终,纟
艋,舟
泔,氵
取,又
,口
祝,礻
x,羽
捡,扌
苠,艹
,艹
矮,矢
平,干
揶,扌
旺,日
匀,勹
适,辶
h,口
弈,廾
,艹
,口
,石
N,石
挠,扌
,扌
亩,亠
炭,火
Z,口
暹,日
举,丶
埃,土
,氵
铅,钅
穆,禾
黉,黄
胍,月
,讠
\,亻
g,贝
j,钅
鹞,鸟
,木
,讠
豪,豕
僭,亻
,火
闯,门
嫱,女
读,讠
楼,木
琅,王
N,纟
龈,齿
怍,忄
,木
,隹
氕,气
趔,走
,扌
,艹
阙,门
舡,舟
营,艹
~,木
踩,足
猫,犭
沪,氵
冬,冫
甯,用
宰,宀
缳,纟
S,山
,忄
H,欠
蒺,艹
剁,刂
珀,王
[,雨
痄,疒
,忄
勖,力
哚,口
硝,石
,R
菠,艹
藤,艹
迨,辶
卫,卩
遭,辶
目,目
驱,马
彳,彳
磲,石
y,~
拶,扌
虹,虫
[,扌
衽,衤
U,刀
c,鸟
脎,月
梓,木
m,车
隗,阝
写,冖
o,氵
鲛,鱼
骟,马
搠,扌
戤,戈
V,纟
,忄
耸,耳
O,纟
慎,忄
跑,足
试,讠
盗,皿
镖,钅
竟,立
,饣
赦,赤
铫,钅
埭,土
_,疒
,钅
己,己
,宀
穴,穴
恸,忄
,贝
r,欠
垂,土
颈,页
服,月
蚌,虫
L,小
疖,疒
鄙,阝
`,王
娟,女
蔡,艹
枢,木
丧,一
润,氵
e,王
殪,歹
醮,酉
莺,艹
啁,口
卅,十
狄,犭
鹇,鸟
奉,大
艏,舟
泐,氵
g,木
嗖,口
,火
,亻
黜,黑
,女
蓠,艹
苤,艹
裨,衤
,口
z,韦
副,刂
燮,火
时,日
腹,月
载,车
阂,门
,一
j,~
斋,文
掏,扌
,夂
焘,灬
缜,纟
c,~
膣,月
挤,扌
倮,亻
粱,米
,鸟
脸,月
溽,氵
铁,钅
,冫
,疒
\,钅
c,贝
矗,目
,i
T,钅
,
,米
,心
虢,虍
闫,门
园,囗
睬,目
,女
k,竹
},虫
跻,足
份,亻
潼,氵
诿,讠
T,门
X,钅
砉,石
馈,饣
民,氏
互,二
@,辶
崛,山
Z,鸟
,日
伧,亻
沦,氵
甫,用
邮,阝
宴,宀
活,氵
b,艹
酃,阝
O,鼻
i,米
t,艹
荏,艹
比,比
,钅
,土
桩,木
,口
卯,卩
女,女
绲,纟
驵,马
,冫
嘀,口
锂,钅
~,米
娈,女
B,R
茎,艹
丐,一
钗,钅
,厂
嶝,山
颟,页
映,日
,贝
樨,木
S,疒
匮,匚
e,页
舸,舟
\,纟
勃,力
,酉
,鱼
p,礻
{,艹
捎,扌
近,辶
浒,氵
靖,青
绛,纟
酚,酉
,尸
拣,扌
,艹
车,车
m,衤
郯,阝
忱,忄
R,纟
V,车
省,目
喂,口
,辶
骈,马
妊,女
蒌,艹
躐,足
吗,口
O,钅
帛,巾
z,鸟
蜡,虫
瘫,疒
q,木
咬,口
,钅
稳,禾
膺,月
设,讠
充,儿
K,~
^,火
佑,亻
f,纟
鳜,鱼
寞,宀
条,木
胤,月
俦,亻
噫,口
镭,钅
,王
,纟
饵,饣
,忄
|,亻
,女
枋,木
,页
y,忄
伐,亻
殓,歹
谒,讠
龛,龙
,纟
愤,忄
锬,钅
刮,刂
纱,纟
,尢
抹,扌
茸,艹
沽,氵
贼,贝
雁,隹
,厶
郅,阝
d,山
,纟
蓍,艹
扎,扌
裕,衤
租,禾
揣,扌
蹦,足
韫,韦
哭,口
P,
,艹
浼,氵
瘁,疒
咂,口
],氵
庆,广
,米
|,土
p,扌
G,艹
渑,氵
辐,车
,见
皖,白
弛,弓
够,夕
c,艹
耥,耒
K,言
,丿
焯,火
銮,金
笳,竹
鲲,鱼
蚶,虫
肺,月
椿,木
f,口
x,钅
,火
婉,女
旌,方
牙,牙
I,钅
僚,亻
晡,日
蟠,虫
u,耳
诨,讠
坫,土
|,钅
狮,犭
鹱,鸟
孳,子
c,米
页,页
艹,艹
佻,亻
惺,忄
堀,土
z,禾
i,阝
合,口
溏,氵
,扌
骗,马
嶙,山
邛,阝
厝,厂
侥,亻
渤,氵
^,艹
箭,竹
崮,山
,灬
U,大
瞵,目
阴,阝
伺,亻
g,马
勇,力
词,讠
济,氵
,月
`,虫
烛,火
剜,刂
盟,皿
镞,钅
泣,氵
拧,扌
X,月
,饣
,禾
黯,黑
P,几
灰,火
铳,钅
S,讠
扼,扌
礁,石
颀,页
缅,纟
针,钅
I,骨
朕,月
羚,羊
嘟,口
褡,衤
,车
枪,木
,亻
琳,王
,一
,一
总,心
奁,大
组,纟
啉,口
,王
,足
,女
鳘,鱼
r,钅
,车
填,土
酱,酉
味,口
珲,王
R,氵
荽,艹
,纟
弄,廾
率,玄
逆,辶
阊,门
谎,讠
斓,文
舒,舌
岙,山
醛,酉
劝,力
猜,犭
椠,木
趣,走
亥,亠
漤,氵
{,艹
窭,穴
`,斗
炱,火
,阝
油,氵
贸,贝
为,丶
抽,扌
茼,艹
铉,钅
E,疒
,讠
俏,亻
,氵
扒,扌
z,虫
嵘,山
鹚,鸟
卜,卜
,讠
佤,亻
l,隹
闳,门
囵,囗
请,讠
浸,氵
臻,至
码,石
馀,饣
龄,齿
琉,王
,宀
昕,日
嬗,女
土,土
璞,王
蠡,虫
悦,忄
c,艹
[,石
k,宀
缯,纟
鲮,鱼
冰,冫
申,田
I,火
垴,土
欷,欠
躺,身
o,艹
秀,禾
幅,巾
,羽
|,钅
痈,疒
柔,木
N,厂
牝,
M,钅
哞,口
桡,木
迤,辶
摩,手
,艹
驭,马
狲,犭
陵,阝
,木
豹,豸
艽,艹
_,扌
,女
,z
射,寸
,钅
嘈,口
锊,钅
沏,氵
脒,月
颗,页
徙,彳
q,氵
钟,钅
,木
氤,气
S,月
昨,日
,亻
疵,疒
澹,氵
{,足
n,耳
,鱼
|,口
d,革
u,耒
,艹
藕,艹
,巾
停,亻
,瓜
非,非
f,衤
惧,忄
荦,艹
髫,髟
,艹
硬,石
叱,口
雳,雨
嗵,口
苻,艹
恼,忄
蓿,艹
骀,马
如,女
t,纟
历,厂
眉,目
隈,阝
喊,口
植,木
挑,扌
S,艹
鼙,鼓
创,刂
吟,口
m,目
|,讠
败,贝
蜩,虫
瘳,疒
咴,口
样,木
讶,讠
,亠
趺,足
搿,手
鹃,鸟
遇,辶
盈,皿
拐,扌
,扌
默,黑
郜,阝
g,欠
v,贝
杩,木
饭,饣
屯,屮
翮,羽
K,钅
轹,车
\,氵
腽,月
,女
,页
`,钅
圈,囗
残,歹
{,
耒,耒
馗,首
庙,广
缘,纟
j,火
s,T
欠,欠
辣,辛
木,木
X,石
帮,巾
m,王
锴,钅
,车
髁,骨
心,心
鳅,鱼
凇,冫
雉,隹
湎,氵
苑,艹
恒,忄
彘,
^,~
兜,儿
h,疒
衢,行
,舟
O,鱼
,艹
,鸟
,力
,犭
音,音
畴,田
潸,氵
藿,艹
D,~
,心
,口
于,二
我,戈
窖,穴
逝,辶
梢,木
谥,讠
蘩,艹
笫,竹
,女
累,糸
,厂
,阝
r,讠
L,贝
政,攵
,女
,艹
居,尸
n,口
槌,木
赏,贝
提,扌
蝓,虫
嫖,女
,羽
,氵
釜,金
回,囗
橡,木
诠,讠
跤,足
O,子
嵯,山
绮,纟
坳,土
,缶
泺,氵
,口
曾,曰
,石
{,w
娄,女
皇,白
锆,钅
丌,一
蜒,虫
,丶
妙,女
砘,石
钛,钅
,疒
蚧,虫
怨,心
鸬,鸟
央,大
疱,疒
,钅
蘼,艹
罂,缶
釉,采
绗,纟
塘,土
噜,口
酞,酉
棣,木
],车
荪,艹
忭,忄
髯,髟
瑰,王
叵,口
,鱼
徂,彳
骄,马
,口
焉,灬
邈,辶
君,口
贡,贝
,月
,竹
措,扌
T,冫
鞲,革
论,讠
房,户
,月
Z,穴
陇,阝
光,儿
烈,灬
位,亻
,氵
擐,扌
拔,扌
r,山
飘,风
s,木
,氵
r,贝
步,止
@,言
胨,月
镱,钅
I,钅
Z,氵
蝽,虫
,忄
~,山
[,目
~,亻
墙,土
欤,欠
,心
纭,纟
鼬,鼠
锰,钅
嘲,口
,女
髅,骨
,冖
桎,木
蓑,艹
晒,日
苕,艹
Z,鱼
奘,艹
痛,疒
@,忄
坜,土
f,辶
,艹
@,木
\,口
,廾
,力
B,犭
迷,辶
楸,木
藻,艹
杼,木
咆,口
a,氵
,刂
渍,氵
戕,戈
弗,弓
唛,口
谡,讠
溢,氵
G,讠
,扌
耩,耒
紫,糸
R,风
,厂
H,贝
攻,攵
,扌
肾,月
屁,尸
x,饣
,艹
,亻
,火
赋,贝
乍,丿
I,讠
腓,月
~,马
w,韦
^,亻
污,氵
橥,木
诤,讠
恩,心
R,丨
嵫,山
鹭,鸟
,钅
关,R
盲,目
泶,水
虽,虫
,匚
窃,穴
璇,王
霆,雨
刈,刂
梏,木
i,讠
抓,扌
宙,宀
H,阝
喝,口
,阝
渠,氵
_,讠
S,纟
熵,火
O,辶
伶,亻
Z,言
施,方
萼,艹
K,纟
哇,口
介,人
煊,火
U,口
蟑,虫
A,月
糗,米
盛,皿
呜,口
烟,火
习,乙
赢,贝
H,丶
r,虫
h,竹
,饣
b,疒
缁,纟
嶂,山
礅,石
预,页
垆,土
貌,豸
愕,忄
l,羊
嘛,口
禚,礻
锝,钅
借,亻
褥,衤
p,纟
岬,山
r,鱼
,门
,亻
X,见
怿,忄
绀,纟
,马
卉,十
狈,犭
蹋,足
泌,氵
,忄
忖,忄
高,高
姚,女
,亠
铜,钅
C,木
裤,衤
捩,扌
s,艹
,巾
篮,竹
酵,酉
N,门
开,廾
处,夂
,田
阆,门
匈,勹
逊,辶
,讠
咝,口
甜,甘
亡,亠
漠,氵
讣,讠
椤,木
挨,扌
,艹
皱,皮
霰,雨
吲,口
,阝
丶,丶
蔼,艹
w,冖
,口
A,疒
蛑,虫
摒,扌
i,月
|,纟
存,子
矛,矛
啜,口
I,艹
X,钅
你,亻
豢,豕
旧,日
聪,耳
峭,山
囱,囗
僵,亻
跷,足
w,彐
,虫
a,臼
龀,齿
岂,山
馄,饣
嚆,口
氍,毛
怕,忄
,山
_,马
碚,石
,钅
,亻
x,舟
缫,纟
钲,钅
s,衤
愿,心
芾,艹
,羽
魃,鬼
f,耒
镇,钅
珈,王
淌,氵
U,衤
某,木
懔,忄
廖,广
,土
P,R
,力
桥,木
扩,扌
q,鱼
即,卩
遵,辶
詹,言
棺,木
@,艹
拾,扌
怀,忄
螅,虫
,毛
嚏,口
馑,饣
,龙
脖,月
料,斗
蜚,虫
贞,贝
X,钅
瞥,目
嘤,口
,尢
肫,月
蚯,虫
攮,扌
E,贝
欲,欠
侵,亻
N,钅
然,灬
喹,口
眺,目
宽,宀
M,山
,亻
盏,皿
摘,扌
话,讠
@,木
仟,亻
X,疒
,B
揭,扌
酶,酉
痹,疒
呸,口
S,女
萃,艹
掂,扌
訇,言
榆,木
逋,辶
匍,勹
阏,门
E,疋
w,鱼
引,弓
戗,戈
,阝
厢,厂
鲨,鱼
循,彳
茭,艹
抬,扌
械,木
溴,氵
刷,刂
锹,钅
m,鬼
视,见
獍,犭
,亻
,玉
罕,冖
l,卩
柚,木
,辶
淞,氵
s,钅
,王
秦,禾
嵩,山
恫,忄
景,日
裰,衤
M,氵
凶,凵
铸,钅
基,土
巾,巾
愀,忄
貉,豸
频,页
,山
,鹿
缔,纟
耖,耒
撙,扌
\,艹
W,页
鸪,鸟
螯,虫
足,足
,木
亵,亠
,疒
,女
,巾
旃,方
赈,贝
,口
Z,齿
,又
b,欠
俟,亻
郡,阝
,火
嗣,口
,宀
F,鸟
q,纟
拭,扌
棱,木
,讠
佴,亻
v,纟
啸,口
竽,竹
Z,子
@,艹
謇,言
梆,木
刍,刀
霏,雨
璎,王
堑,土
窒,穴
帕,巾
,讠
l,酉
b,亠
劢,力
舭,舟
掬,扌
M,虫
踵,足
疸,疒
,大
恁,心
裆,衤
汉,氵
牍,片
双,又
铎,钅
姐,女
v,月
,纟
Z,车
泞,氵
镣,钅
,口
Z,心
绪,纟
杯,木
,囗
E,犭
闸,门
固,囗
,心
薅,艹
辉,车
醍,酉
d,氵
咏,口
U,鱼
库,广
,艹
蔚,艹
y,车
删,刂
鄢,阝
疥,疒
Z,斗
x,丶
芫,艹
蒯,艹
X,木
p,身
q,犭
町,田
,鱼
,瓦
蹈,足
,王
坎,土
结,纟
X,鱼
R,钅
Y,门
蝮,虫
u,衣
Y,氵
J,钅
,口
秽,禾
t,石
n,忄
殆,歹
伉,亻
,亻
,
瞎,目
,山
,木
袜,衤
氟,气
,钅
冢,冖
钤,钅
砧,石
宦,宀
,
I,页
,月
悬,心
,木
贵,贝
霹,雨
,皮
r,饣
a,石
尿,尸
臂,月
故,攵
识,讠
筑,竹
x,马
揖,扌
{,讠
濞,氵
卡,卜
,阝
啥,口
,页
篦,竹
彩,彡
扫,扌
胬,肉
,氵
,贝
叶,口
,饣
忾,忄
d,扌
O,足
压,厂
喏,口
骑,马
,人
鲕,鱼
,纟
m,钅
l,木
踞,足
匠,匚
逢,辶
唤,口
纩,纟
,弓
莫,艹
薯,艹
s,冖
栲,木
父,父
m,王
\,鸟
,纟
荀,艹
柃,木
酌,酉
_,疒
噎,口
蛙,虫
b,衣
獠,犭
铥,钅
黩,黑
罨,
惭,忄
虮,虫
,艹
衲,衤
泵,水
盹,目
,石
鹾,卤
蜃,虫
三,一
倍,亻
锏,钅
皎,白
娑,女
鼓,鼓
尕,小
,虫
,二
W,扌
憬,忄
S,讠
谵,讠
,氵
,亻
扁,户
胂,月
摅,扌
\,贝
凌,冫
雎,隹
穑,禾
寐,宀
飒,风
拖,扌
,扌
滞,氵
剡,刂
r,面
饧,饣
竦,立
,扌
臬,自
诰,讠
P,足
筻,竹
哺,口
,艹
搀,扌
莅,艹
栈,木
咋,口
鞍,革
瘌,疒
墓,土
稔,禾
茚,艹
东,一
疡,疒
吠,口
h,王
判,刂
,鸟
芯,艹
q,氵
_,隶
鲻,鱼
徽,彳
社,礻
艄,舟
滇,氵
陌,阝
,儿
归,彐
E,月
违,辶
U,门
,王
Z,广
,石
腮,月
深,氵
轲,车
毵,毛
镶,钅
燹,火
N,钅
幼,幺
考,S
|,钅
殊,歹
,囗
D,页
肘,月
氛,气
躜,足
樟,木
钠,钅
瀣,氵
垢,土
l,纟
L,风
宪,宀
贱,贝
鄹,阝
炸,火
尻,尸
鼽,鼻
捅,扌
跆,足
诊,讠
野,里
嫔,女
旖,方
P,扌
佝,亻
啡,口
遣,辶
矢,矢
鹧,鸟
,纟
Y,大
篪,竹
扯,扌
j,攵
,口
郸,阝
类,米
黼,黹
穿,穴
攀,手
喋,口
隍,阝
鲑,鱼
~,纟
妓,女
笔,竹
,氵
\,王
唠,口
阢,阝
T,石
渲,氵
琶,王
X,鸟
,父
砾,石
m,艹
,氵
珏,王
偎,亻
魔,鬼
胙,月
K,忄
潜,氵
铡,钅
{,钅
忧,忄
,饣
票,示
泱,氵
蹲,足
,
烹,灬
典,八
s,钅
绽,纟
彼,彳
顾,页
暂,日
b,车
沆,氵
锋,钅
D,口
炎,火
少,小
I,饣
朗,月
膘,月
洛,氵
辜,辛
,口
缧,纟
馨,香
媪,女
m,R
谱,讠
殴,殳
鸽,鸟
羼,尸
,女
摁,扌
桉,木
癍,疒
郎,阝
蝗,虫
赛,贝
拚,扌
九,丿
酣,酉
剥,刂
敫,攵
w,立
s,虫
M,木
仲,亻
说,讠
_,口
勺,勹
昀,日
怄,忄
O,王
U,纟
馕,饣
研,石
,虫
脚,月
涝,氵
锢,钅
箩,竹
`,日
肯,月
洲,氵
钷,钅
眶,目
麻,麻
[,山
笾,竹
但,亻
詈,言
\,钅
,丿
华,十
,页
,艹
托,扌
距,足
汜,氵
,氵
~,页
旭,日
荮,艹
I,氵
买,乙
靶,革
,刂
,攵
谇,讠
,氵
阋,门
透,辶
玎,王
夕,夕
v,扌
芘,艹
,木
,阝
簧,竹
,彳
骨,骨
妪,女
a,艹
撬,扌
犸,犭
帻,巾
粼,米
歉,欠
觊,见
哌,口
网,网
著,艹
坡,土
痢,疒
入,入
k,鱼
翦,羽
孩,子
蓬,艹
息,心
裴,衣
瑷,王
,钅
],i
出,凵
蚁,虫
最,曰
C,聿
誉,言
型,土
钍,钅
T,瓦
,纟
宓,宀
蘖,艹
鸦,鸟
C,穴
螫,虫
,月
戮,戈
,夕
讳,讠
氲,气
岽,山
X,禾
淇,氵
镌,钅
齐,齐
篓,竹
饔,z
n,艹
浜,氵
C,目
口,口
煤,火
巧,工
艮,艮
佰,亻
棵,木
陶,阝
M,犭
卸,卩
z,辶
驾,马
范,艹
撂,扌
溆,氵
名,口
r,阝
帑,巾
鬓,髟
粒,米
堕,土
莘,艹
椟,木
鞠,革
@,讠
紧,糸
度,广
,土
g,艹
,斤
踱,足
P,虫
榴,木
唷,口
,钅
B,大
晁,日
q,艹
,亻
U,衣
嗌,口
忐,心
硕,石
委,女
,艹
,日
惚,忄
襟,衤
,木
瓢,瓜
健,亻
绦,纟
述,辶
r,山
x,角
i,
,鸟
要,
栀,木
辅,车
D,禾
},土
序,广
醑,酉
h,氵
,氵
V,艹
M,礻
堠,土
W,髟
u,羊
吨,口
被,衤
霪,雨
躯,身
洮,氵
挲,手
骷,骨
邻,阝
缺,缶
甾,田
血,血
蹄,足
拇,扌
},艹
磋,石
经,纟
遐,辶
卒,十
陔,阝
菝,艹
,马
闩,门
饶,饣
,纟
E,王
调,讠
殂,歹
c,一
,木
,钅
樗,木
貘,豸
怛,忄
芜,艹
星,日
颠,页
,竹
客,宀
,米
钨,钅
檬,木
脱,月
暴,日
嘿,黑
诂,讠
仄,人
臆,月
敉,攵
蟊,虫
S,竹
嫌,女
,灬
囔,口
,口
S,大
g,鱼
a,
N,火
桫,木
,氵
胰,月
,扌
蛴,虫
穷,穴
U,B
,钅
嗾,口
袁,衣
躅,足
蒉,艹
邑,邑
焐,火
E,阝
蠖,虫
沙,氵
碡,石
纥,纟
逦,辶
璩,王
阪,阝
q,辛
氮,气
e,艹
,戈
~,酉
H,衤
,车
D,扌
蕈,艹
秋,禾
屎,尸
酐,酉
b,疒
祠,礻
黥,黑
铩,钅
色,色
顶,页
z,卤
N,犭
,金
茇,艹
,亻
锓,钅
犒,
,
亚,二
莜,艹
期,月
|,门
,口
O,讠
伯,亻
耱,耒
u,艹
,扌
嬷,女
,鱼
],纟
,亻
,钅
u,王
桁,木
~,讠
俄,亻
胆,月
蛊,虫
富,宀
鳎,鱼
,氵
h,钅
埔,土
,木
滚,氵
o,犭
擞,扌
烦,火
楫,木
诬,讠
,氵
筷,竹
壶,士
,鸟
建,廴
睿,目
y,讠
超,走
,虫
馍,饣
砌,石
t,火
嚓,口
q,讠
丘,丿
憝,心
蜞,虫
管,竹
娠,女
L,糸
尤,尢
\,钅
瞩,目
V,口
锪,钅
A,贝
,彳
R,钅
C,纟
冽,冫
钿,钅
,忄
立,立
},页
,弓
,
这,辶
湘,氵
I,衤
E,鱼
V,广
,鸟
僧,亻
韩,韦
槭,木
轮,车
^,月
N,羽
幸,干
概,木
复,夂
s,鱼
美,羊
,艹
r,口
栗,木
戛,戈
肜,月
骠,马
h,厶
鲤,鱼
{,氵
厦,厂
,一
茱,艹
鼹,鼠
纸,纟
刻,刂
炼,火
观,见
浅,氵
杉,木
x,艹
勐,力
哔,口
街,行
毖,比
余,人
柞,木
鹣,鸟
坩,土
痪,疒
修,亻
,日
,艹
硷,石
,宀
,
侃,亻
貅,豸
洄,氵
月,月
宋,宀
颍,页
,钅
垓,土
钕,钅
,讠
优,亻
谚,讠
悝,忄
`,艹
粥,米
崤,山
,钅
在,土
讫,讠
螳,虫
庹,广
,钅
,门
瘾,疒
,氵
资,贝
,心
蝈,虫
,饣
镔,钅
潘,氵
胝,月
髡,髟
筠,竹
B,鸟
雩,雨
睨,目
拱,扌
,士
驶,马
~,鱼
烽,火
兼,R
^,车
|,月
堍,土
刑,刂
霓,雨
炒,火
吕,口
,石
辘,车
挛,手
膜,月
d,~
缣,纟
咪,口
舱,舟
掰,手
n,艹
夷,大
鸹,鸟
羸,羊
医,匚
唿,口
裂,衣
x,日
蓊,艹
黎,黍
瑕,王
嗔,口
乙,乙
荛,艹
,氵
履,尸
O,酉
噩,口
浯,氵
菰,艹
杳,木
祷,礻
I,犬
畿,田
图,囗
趁,走
,龙
e,门
琐,王
,火
h,米
H,贝
u,讠
枝,木
脞,月
鼢,鼠
锦,钅
倨,亻
,贝
W,口
妹,女
钻,钅
笺,竹
,木
,日
鹌,鸟
奎,大
`,
仗,亻
\,竹
z,米
C,钅
,贝
q,衤
旱,日
|,虫
矽,石
酾,酉
蠃,虫
,氵
K,艹
掊,扌
U,马
,礻
唑,口
瞒,目
匕,匕
渗,氵
搛,扌
蚜,虫
戟,戈
鲠,鱼
砣,石
骤,马
,疒
,山
,木
,车
撰,扌
茵,艹
帷,巾
^,石
吻,口
V,雨
刿,刂
流,氵
迂,辶
A,忄
菊,艹
哐,口
淖,氵
葛,艹
艟,舟
孥,子
陧,阝
痦,疒
,一
,土
蓰,艹
恳,心
苴,艹
寺,寸
牿,
D,讠
,木
肉,肉
愈,心
缌,纟
宏,宀
,钅
谖,讠
暝,日
鸢,鸟
窥,穴
,钅
亭,亠
讯,讠
膳,月
,门
W,禾
,钅
,氵
赀,贝
腈,月
p,纟
镐,钅
,钅
俗,亻
裙,衤
杜,木
姣,女
,髟
煨,火
佬,亻
衮,衣
R,扌
奸,女
驺,马
坼,土
y,衤
蜇,虫
把,扌
鬏,髟
碎,石
向,口
,见
x,扌
挟,扌
|,目
咦,口
努,力
萱,艹
新,斤
舵,舟
掴,扌
,弓
j,页
阽,阝
,目
匿,匚
汁,氵
t,巾
苊,艹
,纟
忌,心
风,风
雒,隹
叔,又
泖,氵
荟,艹
绢,纟
C,女
瓦,瓦
a,忄
C,艹
T,
u,山
,女
L,犭
v,亻
辁,车
莉,艹
戈,戈
庋,广
簌,竹
鞑,革
瘐,疒
劓,刂
c,酉
褚,衤
羡,羊
堤,土
玩,王
刨,刂
身,身
B,衤
芳,艹
鲷,鱼
缶,缶
容,宀
示,示
喽,口
,阝
猾,犭
蹀,足
,木
衄,血
,扌
绋,纟
限,阝
_,辶
诙,讠
橘,木
,艹
,扌
嫣,女
,石
哧,口
柱,木
蕲,艹
懵,忄
|,月
饺,饣
呼,口
企,人
,讠
涂,氵
O,艹
v,心
,山
@,页
},竹
疒,疒
,亻
,人
T,讠
蒜,艹
稣,禾
颤,页
垦,土
@,钅
丫,丨
购,贝
蜱,虫
悴,忄
,尢
嘻,口
什,亻
蟆,虫
捉,扌
臊,月
睑,目
V,亻
揞,扌
彡,彡
奥,大
@,亻
湫,氵
~,贝
蛰,虫
扳,扌
胴,月
登,h
,女
铼,钅
灿,火
躁,足
袅,衣
挈,手
律,彳
鲍,鱼
,山
邕,邑
舞,夕
纡,纟
张,弓
碥,石
夤,夕
辫,辛
M,见
莳,艹
{,糸
砺,石
咽,口
,小
襄,衣
F,艹
,羽
,讠
蓝,艹
,犭
,讠
,曰
竹,竹
顺,页
啼,口
丁,一
沂,氵
鼋,w
,寸
F,口
洗,氵
望,月
薜,艹
感,心
龠,龠
岢,山
,口
伫,亻
谭,讠
,氵
枰,木
耵,耳
箸,竹
圻,土
疼,疒
儿,儿
T,贝
桅,木
蛆,虫
扉,户
籍,竹
s,骨
铒,钅
,氵
棚,木
幡,巾
塥,土
镧,钅
剩,刂
跬,足
致,至
絷,糸
延,廴
U,目
,士
闼,门
勾,勹
X,酉
鞅,革
|,疒
,鸟
戌,戈
辕,车
渔,氵
y,阝
疙,疒
箝,竹
娜,女
枥,木
涩,氵
,车
,厂
鲳,鱼
徵,彳
芷,艹
机,木
派,氵
附,阝
],穴
L,鱼
惋,忄
,弓
泓,氵
,力
A,鱼
R,广
s,忄
蟥,虫
晤,日
汨,氵
班,王
年,干
毽,毛
y,亻
,凵
耋,S
羊,羊
,文
谓,讠
殒,歹
{,火
骜,马
d,纟
肠,月
蚤,虫
,贝
,亻
侪,亻
犬,犬
f,米
碰,石
蔹,艹
撸,扌
捍,扌
|,艹
诒,讠
仔,亻
Q,钅
,页
,目
孝,子
,纟
董,艹
,宀
火,火
癯,疒
米,米
X,讠
湿,氵
~,辶
喃,口
隅,阝
眄,目
宇,宀
w,纟
芍,艹
椐,木
演,氵
逖,辶
u,口
阚,门
窝,穴
舢,舟
沩,氵
t,匚
踪,足
劭,力
鞯,革
琮,王
庵,广
获,艹
Y,见
,氵
痃,疒
剂,刂
\,雨
篇,竹
懋,心
柏,木
O,车
受,又
胡,月
狭,犭
n,卩
},钅
`,大
绵,纟
,耳
虺,虫
锃,钅
,牛
尉,寸
k,纟
丕,一
猗,犭
,亻
l,门
缟,纟
z,月
,手
欧,欠
,走
圯,土
[,礻
鸵,鸟
,月
q,艹
净,冫
@,疒
j,风
才,扌
桑,木
,讠
,火
呙,口
e,齿
S,米
拢,扌
哮,口
{,纟
捷,扌
诼,讠
,氵
K,王
龉,齿
M,艹
亓,二
s,走
气,气
嘘,口
锚,钅
,采
斥,斤
謦,言
,水
C,钅
贪,贝
钯,钅
肷,月
Q,贝
漾,氵
,钅
,木
T,钅
鹈,鸟
嵊,山
职,耳
p,讠
滓,氵
W,色
t,韦
O,疒
,马
菡,艹
,艹
迩,辶
T,火
偬,亻
篱,竹
饲,饣
,木
蕺,艹
槽,木
轾,车
阃,门
,页
萏,艹
隘,阝
颜,页
簟,竹
别,刂
,阝
炬,火
启,口
H,穴
,巾
,木
w,犭
畅,田
哄,口
,~
\,虫
角,角
遗,辶
A,马
c,鱼
,虍
佩,亻
b p,口
S,氵
,王
,刂
U,纟
Q,鸟
蛸,虫
裼,衤
俾,亻
垃,土
甄,瓦
妇,女
缈,纟
N,讠
,亻
,豸
皙,白
F,囗
夜,夕
[,鸟
抡,扌
耢,耒
,扌
谪,讠
,亻
岵,山
,讠
携,扌
趿,足
,氵
u,钅
镄,钅
婆,女
届,尸
腌,月
族,方
赔,贝
p,又
祜,礻
苡,艹
蓥,艹
热,灬
公,八
孰,子
f,米
嵴,山
曹,曰
葺,艹
刁,刀
窆,穴
,日
n,扌
鞘,革
笛,竹
咚,口
庞,广
莠,艹
薤,艹
辨,辛
逭,辶
熬,灬
唯,口
,弓
,鱼
Y,纟
枸,木
},木
,心
嗄,口
鳊,鱼
恍,忄
蛎,虫
裒,衣
汕,氵
酗,酉
噙,口
,王
Y,土
绞,纟
蝣,虫
乩,乙
,犭
泪,氵
F,火
T,鱼
慷,忄
死,歹
H,王
庇,广
融,虫
昌,日
趑,走
氐,氏
,讠
锖,钅
熙,灬
倘,亻
P,钅
羝,羊
帜,巾
T,饣
斡,斗
蜢,虫
接,扌
账,贝
钫,钅
垭,土
缲,纟
宵,宀
收,攵
M,贝
挺,扌
O,亻
{,讠
,竹
烃,火
坂,土
织,纟
,扌
,艹
S,丨
,木
t,讠
囗,囗
,钅
,氵
菥,艹
N,扌
桨,木
短,矢
噬,口
酮,酉
,i
x,齿
婴,女
唁,口
逃,辶
包,勹
萋,艹
憎,忄
蠓,虫
瘗,疒
,阝
厚,厂
妞,女
芤,艹
含,口
霭,雨
,禾
,月
悸,忄
,氵
哀,口
],革
{,犭
祉,礻
,鱼
,月
浑,氵
痖,疒
彝,
E,马
柢,木
淦,氵
毪,毛
牯,
晷,日
胸,月
W,车
^,木
~,钅
徇,彳
颉,页
蚍,虫
Q,讠
炙,火
,尸
},纟
O,
,扌
d,艹
报,扌
谦,讠
,门
L,讠
岱,山
Y,马
w,纟
媵,女
,扌
,足
访,讠
栾,木
镀,钅
燃,火
},饣
旋,方
婊,女
蝌,虫
描,扌
赐,贝
,木
乒,丿
巛,巛
黝,黑
C,
察,宀
若,艹
E,木
遮,辶
葶,艹
惹,心
艺,艹
佼,亻
衾,衣
吁,口
g,阝
皂,白
茏,艹
褓,衤
咖,口
,纟
,龟
增,土
愣,忄
,口
瞬,目
R,氵
,鱼
U,纟
箴,竹
踽,足
,氵
瑁,王
鳆,鱼
q,骨
胎,月
,车
,扌
,~
轧,车
,田
,木
韬,韦
獯,犭
僮,亻
杷,木
],至
瘀,疒
醅,酉
,禾
搌,扌
辑,车
渐,氵
霖,雨
_,王
刘,刂
|,阝
D,i
尜,小
X,艹
,车
褪,衤
邯,阝
献,犬
c,骨
,纟
\,木
款,欠
陀,阝
狃,犭
遄,辶
糇,米
,女
,木
衔,行
哗,口
,片
廛,广
X,竹
,土
P,卜
恤,忄
诩,讠
翱,羽
o,鸟
蝶,虫
腺,月
`,
嬉,女
O,艹
禊,礻
Y,而
掎,扌
休,亻
,讠
,氵
X,王
,钅
`,纟
鲜,鱼
砟,石
实,宀
肤,月
氧,气
侦,亻
d,讠
锭,钅
j,口
碴,石
茹,艹
主,丶
贽,贝
沼,氵
睁,目
,口
煅,火
等,竹
,又
,氵
鹛,鸟
D,火
嵝,山
Q,氵
,木
既,
癫,疒
铬,钅
灯,火
叮,口
已,己
,饣
,氵
,贝
,山
T,马
笈,竹
J,艹
U,足
阖,门
D,月
通,辶
粝,米
檩,木
鞫,革
咭,口
醯,酉
薷,艹
昶,日
[,心
],见
樾,木
l,纟
魈,鬼
K,土
毓,母
鳝,鱼
e,氵
杠,木
胥,月
U,心
啬,口
绱,纟
彰,彡
奴,女
泽,氵
,讠
嘁,口
D,王
d,鸟
娉,女
,虫
脏,月
丑,一
k,钅
缛,纟
挣,扌
洧,氵
亦,亠
讨,讠
疬,疒
鸱,鸟
羰,羊
船,舟
掸,扌
,亻
,氵
铂,钅
凄,冫
a,禾
苎,艹
俐,亻
d,贝
桕,木
镗,钅
盖,皿
,饣
竞,立
荣,艹
擢,扌
赧,赤
滦,氵
睫,目
敷,攵
菸,艹
馁,饣
砀,石
龅,齿
,刂
],门
M,王
亏,二
膑,月
昔,日
尘,小
锞,钅
两,一
斩,斤
D,
,扌
冱,冫
钳,钅
,土
,木
放,攵
鹄,鸟
兆,儿
棋,木
坊,土
滏,氵
虔,虍
,女
v,鸟
N,钅
囟,囗
桠,木
迥,辶
藩,艹
,亻
,口
淹,氵
轺,车
揽,扌
蕾,艹
唉,口
踏,足
涎,氵
排,扌
稗,禾
妖,女
瀛,氵
,行
瘟,疒
,巾
,气
,戈
`,艹
窬,穴
鄱,阝
皴,皮
费,贝
沸,氵
押,扌
祁,礻
罅,缶
,厂
哈,口
跎,足
慑,忄
,马
q,礻
遛,辶
陟,阝
痞,疒
佥,人
懦,忄
硫,石
Q,纟
差,工
Y,阝
史,口
恻,忄
俺,亻
颁,页
,山
缄,纟
钉,钅
J,讠
侏,亻
蚕,虫
朔,月
,人
W,鸟
p,木
D,言
溥,氵
伤,亻
耦,耒
撩,扌
j,米
,竹
,丶
讷,讠
膻,月
渺,氵
齄,鼻
~,王
D,钅
,木
F,讠
腐,肉
鳙,鱼
凛,冫
s,钅
域,土
e,里
楠,木
,氵
竭,立
孬,子
K,火
兰,R
v,土
E,足
拽,扌
帅,巾
,钅
吉,口
蔓,艹
抒,扌
,土
庚,广
真,目
,氵
i,辛
薨,艹
夫,大
s,马
箬,竹
弯,弓
唳,口
阵,阝
涸,氵
掼,扌
髂,骨
,纟
苒,艹
晕,日
r,石
屙,尸
绚,纟
瓞,瓜
赣,贝
荧,艹
惦,忄
,力
v,厂
跸,足
板,木
E,鱼
稀,禾
,疒
,廾
栌,木
成,戈
搔,扌
帘,巾
倜,亻
霞,雨
殡,歹
缮,纟
隳,阝
喵,口
袷,衤
c,刀
蒿,艹
,艹
练,纟
奂,大
陈,阝
啊,口
行,行
低,亻
,力
,钅
哟,口
诡,讠
代,亻
G,足
汤,氵
晨,日
秭,禾
塬,土
酲,酉
,口
,欠
蝾,虫
@,B
圉,囗
B,又
谏,讠
澎,氵
|,忄
砗,石
,火
^,王
,土
\,讠
渣,氵
性,忄
蚨,虫
犰,犭
锵,钅
悼,忄
峄,山
,缶
,口
,门
迎,辶
敕,攵
U,钅
,i
,足
忮,忄
,钅
铴,钅
桷,木
S,车
胼,月
骁,马
鲅,鱼
s,纟
眈,目
袍,衤
芑,艹
r,扌
\,鸟
弘,弓
炝,火
蠢,虫
沥,氵
o,鱼
s,纟
励,力
,氵
E,亻
U,见
显,日
`,火
毋,毋
告,口
B,氵
乎,丿
荐,艹
染,木
姗,女
罘,
叛,又
郝,阝
煜,火
嗟,口
,讠
f,欠
俣,亻
蛩,虫
杨,木
\,大
狱,犭
印,卩
t,辶
,酉
滹,氵
豺,豸
虾,虫
威,女
,十
嘉,口
A,贝
蜓,虫
悒,忄
猛,犭
岚,山
h,一
生,生
i,氵
愧,忄
螨,虫
^,大
现,王
圳,土
F,钅
疴,疒
踹,足
耽,耳
D,疒
铊,钅
軎,
扑,扌
,z
竖,立
,巾
,钅
,亻
镟,钅
K,皿
腧,月
拦,扌
a,钅
间,门
楷,木
迸,辶
捻,扌
臼,臼
j,竹
境,土
I,~
,口
醉,酉
辍,车
渌,氵
搐,扌
n,艹
,戈
,土
P,页
O,口
鄞,阝
涡,氵
\,艹
憩,心
鲫,鱼
徭,彳
a,月
喱,口
邳,阝
,氵
m,竹
欺,欠
,忄
,马
A,皿
商,口
半,十
,足
,马
x,革
癜,疒
募,力
E,辶
池,氵
该,讠
恨,忄
,巾
饮,饣
痱,疒
,王
,刂
赶,走
柽,木
腾,月
,页
疆,田
,亻
谋,讠
T,玉
伍,亻
,言
题,页
琛,王
定,宀
障,阝
,贝
`,讠
昧,日
,兀
纬,纟
锱,钅
h,王
犴,犭
筅,竹
,火
鏊,金
潍,氵
觎,见
救,攵
蟒,虫
捕,扌
鹗,鸟
k,石
篚,竹
坝,土
衣,衣
,二
旦,日
揪,扌
铰,钅
裸,衤
,扌
承,手
鲁,鱼
o,纟
妃,女
骅,马
笄,竹
,土
S,足
,卩
圜,囗
逞,辶
没,氵
踢,足
萦,艹
航,舟
庭,广
咱,口
,木
,艹
秃,禾
幂,巾
魄,鬼
,目
呆,口
B,阝
淋,氵
削,刂
每,母
荔,艹
志,心
飙,风
叟,又
s,贝
浠,氵
此,止
胩,月
慨,忄
续,纟
彬,彡
,口
陲,阝
却,卩
棹,木
@,耳
封,寸
,饣
纂,糸
娅,女
震,雨
},人
,贝
犊,
不,一
脓,月
缗,纟
岖,山
馘,首
\,甘
媚,女
亢,亠
认,讠
V,月
膨,月
鸭,鸟
疰,疒
蠹,虫
{,艹
籁,竹
^,戈
^,米
寄,宀
铆,钅
,冫
湍,氵
裎,衤
,扌
糖,米
U,石
m,亻
z,口
g,衤
滢,氵
擦,扌
h,竹
壮,士
闰,门
煳,火
e,
|,角
馅,饣
事,|
,毛
怔,忄
娘,女
P,月
疝,疒
T,
澡,氵
财,贝
掩,扌
S,风
笮,竹
甲,田
况,冫
I,乙
漶,氵
肿,月
,扌
B,钅
滋,氵
豌,豆
虐,虍
拓,扌
联,耳
四,囗
Q,女
瑜,王
觥,角
桤,木
菩,艹
,尸
,~
镲,钅
,亻
轶,车
毹,毛
弁,廾
I,R
x,
熊,灬
,虫
,文
骘,马
瘛,疒
钜,钅
t,氵
袤,衣
,户
芨,艹
,巾
,兀
,疒
刳,刂
,讠
,木
蔽,艹
撼,扌
_,鸟
释,采
浍,氵
诎,讠
村,木
慕,小
[,鱼
孙,子
陛,阝
珞,王
,讠
,艹
I,几
,石
寮,宀
,气
嗲,口
郴,阝
m,亻
T,讠
,日
蓼,艹
恿,心
缀,纟
它,宀
颅,页
喇,口
例,亻
洌,氵
朐,月
x,钅
传,亻
谢,讠
耪,耒
岭,山
N,禾
,钅
i,王
,亻
,氵
N,虫
,月
戾,户
层,尸
症,疒
赌,贝
腔,月
s,山
筘,竹
铝,钅
畜,田
裥,衤
B,木
,舌
嵬,山
驮,马
盱,目
,钅
兴,八
蹶,足
艾,艹
币,巾
鬃,髟
,土
锇,钅
皆,白
炊,火
檎,木
撒,扌
,纟
庖,广
墚,土
办,力
f,
欣,欠
莨,艹
,鱼
R,纟
夯,大
阱,阝
瞰,目
V,大
逵,辶
落,艹
於,方
繁,糸
硅,石
集,隹
又,又
郊,阝
恕,心
靛,青
u,石
,口
狞,犭
乡,乙
波,氵
,艹
曦,日
,戈
祯,礻
哲,口
海,氵
件,亻
诸,讠
,木
